station_id,station_name
BBS ,BHUBANESWAR    
BAM ,BRAHMAPUR      
VSKP,VISAKHAPATNAM  
BZA ,VIJAYAWADA JN  
RU  ,RENIGUNTA JN   
JTJ ,JOLARPETTAI    
BNC ,BANGALORE CANT 
DR  ,DADAR          
TNA ,THANE          
KYN ,KALYAN JN      
IGP ,IGATPURI       
NK  ,NASIK ROAD     
CSN ,CHALISGAON JN  
JL  ,JALGAON JN     
BSL ,BHUSAVAL JN    
PC  ,PACHORA JN     
JMD ,JAMDHA         
SHF ,SHIRUD         
DHI ,DHULE          
NGN ,NANDGAON       
MMR ,MANMAD JN      
LS  ,LASALGAON      
DVL ,DEVLALI        
KSRA,KASARA         
CSTM,MUMBAI CST     
JM  ,JALAMB JN      
PVR ,PANDHARPUR     
KMN ,KHAMGAON       
KWV ,KURDUVADI      
JEUR,JEUR           
BGVN,BHIGWAN        
DD  ,DAUND JN       
ANG ,AHMADNAGAR     
BAP ,BELAPUR        
KPG ,KOPARGAON      
BDWD,BODWAD         
MKU ,MALKAPUR       
NN  ,NANDURA        
SEG ,SHEGAON        
AK  ,AKOLA JN       
MZR ,MURTAJAPUR     
BD  ,BADNERA JN     
NAVI,NEW AMRAVATI   
SUR ,SOLAPUR JN     
MO  ,MOHOL          
MA  ,MADHA          
BTW ,BARSI TOWN     
UMD ,USMANABAD      
LUR ,LATUR          
LTRR,LATUR ROAD     
PRLI,PARLI VAIJNATH 
PBN ,PARBHANI JN    
PAU ,PURNA JN       
HNL ,HINGOLI DECCAN 
WHM ,WASHIM         
CND ,CHANDUR        
DMN ,DHAMANGAON     
PLO ,PULGAON JN     
WR  ,WARDHA JN      
NGP ,NAGPUR         
KOP ,C SHAHUMHARAJ T
RKD ,RUKADI         
HTK ,HATKANAGALE    
MRJ ,MIRAJ JN       
KVK ,KAVATHE MAHANKL
DLGN,DHALGAON       
SGLA,SANGOLA        
MLB ,MODNIMB        
PNF ,PANGAON        
GNH ,GANGAKHER      
ARAG,ARAG           
SGRE,SULGARE        
JTRD,JATH ROAD      
PUNE,PUNE JN        
KNW ,KHANDWA        
HD  ,HARDA          
ET  ,ITARSI JN      
PPI ,PIPARIYA       
NU  ,NARSINGHPUR    
MML ,MADAN MAHAL    
JBP ,JABALPUR       
GAR ,GADARWARA      
LTT ,LOKMANYATILAK T
HBD ,HOSHANGABAD    
HBJ ,HABIBGANJ      
BINA,BINA JN        
JHS ,JHANSI JN      
ORAI,ORAI           
CNB ,KANPUR CENTRAL 
LKO ,LUCKNOW NR     
KPD ,KATPADI JN     
MAS ,CHENNAI CENTRAL
DVD ,DUVVADA        
VZM ,VIZIANAGRAM JN 
KUR ,KHURDA ROAD JN 
BHC ,BHADRAK        
KGP ,KHARAGPUR JN   
HWH ,HOWRAH JN      
RPH ,RAMPUR HAT     
MLDT,MALDA TOWN     
KNE ,KISHANGANJ     
NJP ,NEW JALPAIGURI 
NBQ ,NEW BONGAIGAON 
KYQ ,KAMAKHYA       
GLPT,GOALPARA TOWN  
PSA ,PALASA         
PNVL,PANVEL         
G   ,GONDIA JN      
DURG,DURG           
R   ,RAIPUR JN      
BSP ,BILASPUR JN    
JSG ,JHARSUGUDA JN  
ROU ,ROURKELA       
CKP ,CHAKRADHARPUR  
PRR ,PURULIA JN     
JOC ,JOYCHANDI PAHAR
ASN ,ASANSOL JN     
UDL ,ANDAL JN       
RQJ ,RNINGR JLPAIGRI
NCB ,NEW COOCH BEHAR
NOQ ,NEW ALIPURDUAR 
SC  ,SECUNDERABAD JN
KZJ ,KAZIPET JN     
BPQ ,BALHARSHAH     
LJN ,LUCKNOW NE     
GD  ,GONDA JN       
BST ,BASTI          
GKP ,GORAKHPUR JN   
VSG ,VASCO DA GAMA  
MAO ,MADGAON        
SVM ,SANVERDAM CHUCH
QLM ,KULEM          
CLR ,CASTLE ROCK    
LD  ,LONDA JN       
LWR ,ALNAVAR JN     
DWR ,DHARWAR        
UBL ,HUBLI JN       
HVR ,HAVERI         
RNR ,RANIBENNUR     
HRR ,HARIHAR        
DVG ,DAVANGERE      
JRU ,CHIKJAJUR JN   
RRB ,BIRUR JN       
DRU ,KADUR          
ASK ,ARSIKERE JN    
TTR ,TIPTUR         
AMSA,AMMASANDRA     
TK  ,TUMKUR         
YPR ,YESVANTPUR JN  
SBC ,BANGALORE CY JN
CBE ,COIMBATORE JN  
ERS ,ERNAKULAM JN   
AKP ,ANAKAPALLE     
SLO ,SAMALKOT JN    
RJY ,RAJAHMUNDRY    
TPTY,TIRUPATI       
EE  ,ELURU          
OGL ,ONGOLE         
NLR ,NELLORE        
GDR ,GUDUR JN       
KJM ,KRISHNARAJAPURM
SBG ,SAHIBGANJ JN   
PPT ,PIRPAINTI      
CLG ,KAHALGAON      
EKC ,EKCHARI        
GGA ,GHOGA          
BGP ,BHAGALPUR      
AKN ,AKBARNAGAR     
SGG ,SULTANGANJ     
BUP ,BARIARPUR      
JMP ,JAMALPUR JN    
DRH ,DHARHARA       
AHA ,ABHAIPUR       
KJH ,KAJRA          
KIUL,KIUL JN        
LKR ,LUCKEESARAI JN 
BRYA,BARHIYA        
HTZ ,HATHIDAH JN    
MKA ,MOKAMEH JN     
BARH,BARH           
ATL ,ATHMAL GOLA    
BKP ,BAKHTIYARPUR JN
KOO ,KHUSROPUR      
FUT ,FATWA          
PNC ,PATNA SAHEB    
RJPB,RAJENDRANAGAR T
PNBE,PATNA JN       
DNR ,DANAPUR        
KWO ,KARAUTA        
DMRX,DUMRI HALT     
NAT ,NATHNAGAR      
KPRD,KALYANPUR ROAD 
RPUR,RATANPUR       
MSDN,MASUDAN        
UREN,UREN           
DNRE,DHANAURI       
PHK ,PUNARAKH       
ANVT,ANAND VIHAR TRM
GZB ,GHAZIABAD      
MTC ,MEERUT CITY    
MOZ ,MUZAFFARNAGAR  
SRE ,SAHARANPUR     
UMB ,AMBALA CANT JN 
LDH ,LUDHIANA JN    
JRC ,JALANDHAR CANT 
PTKC,PATHANKOT CANTT
JAT ,JAMMU TAWI     
UHP ,UDHAMPUR       
SVDK,SHMATA VD KATRA
BE  ,BAREILLY       
MB  ,MORADABAD      
NDLS,NEW DELHI      
DBG ,DARBHANGA JN   
SPJ ,SAMASTIPUR JN  
MFP ,MUZAFFARPUR JN 
HJP ,HAJIPUR JN     
CPR ,CHHAPRA        
SV  ,SIWAN JN       
DEOS,DEORIA SADAR   
DLI ,DELHI          
DEE ,DELHI S ROHILLA
ROK ,ROHTAK JN      
JIND,JIND JN        
NRW ,NARWANA JN     
JHL ,JAKHAL JN      
DUI ,DHURI JN       
BJU ,BARAUNI JN     
BKN ,BIKANER JN     
NPS ,NAPASAR        
SDF ,SUDSAR         
SDGH,SRI DUNGARGARH 
RJR ,RAJALDESAR     
RTGH,RATANGARH JN   
CUR ,CHURU          
SDLP,SADULPUR JN    
LHU ,LOHARU         
MHRG,MAHENDRAGARH   
RE  ,REWARI         
DSA ,DELHI SHAHDARA 
BTU ,BARAUT         
SMQL,SHAMLI         
TPZ ,TAPRI          
RK  ,ROORKEE        
HW  ,HARIDWAR JN    
JU  ,JODHPUR JN     
RKB ,RAIKA BAGH     
MMY ,MARWAR MATHANYA
TIW ,TIVARI         
OSN ,OSIYAN         
MWT ,MARWAR LOHWAT  
PLCJ,PHALODI JN     
RDRA,RAMDEVRA       
AQG ,ASHAPURA GOMAT 
SBLT,SHRIBDRYA LATHI
JSM ,JAISALMER      
JUD ,JAGADHRI       
CDG ,CHANDIGARH     
RPAR,RUPNAGAR       
NLDM,NANGAL DAM     
BSB ,VARANASI JN    
SLN ,SULTANPUR      
SPN ,SHAHJEHANPUR   
CC  ,CHAURI CHAURA  
JAJ ,JHAJHA         
STL ,SIMULTALA      
BTT ,BHATNI JN      
JSME,JASIDIH JN     
MW  ,MAIRWA         
EKMA,EKMA           
DGA ,DIGHWARA       
SEE ,SONPUR JN      
DES ,DESARI         
MNO ,MEHNAR ROAD    
SPP ,SHAHPUR PATOREE
MOG ,MOHIUDDINNAGAR 
VPDA,VIDYAPATIDHAM  
BCA ,BACHWARA JN    
KLD ,KHALILABAD     
THE ,THAWE JN       
TOI ,TAMKUHI ROAD   
POU ,PADRAUNA       
RKL ,RAMKOLA        
CPJ ,KAPTANGANJ JN  
MUR ,MANKAPUR JN    
BBK ,BARABANKI JN   
BNZ ,BADSHAHNAGAR   
SCC ,SITAPUR CANT   
APDJ,ALIPUR DUAR JN 
APD ,ALIPUR DUAR    
TFGN,TUFANGANJ      
AGMN,AGOMONI        
GKJ ,GOLAKGANJ JN   
GUP ,GAURIPUR       
DBB ,DHUBRI         
RNY ,RANGIYA JN     
CGS ,CHANGSARI      
GHY ,GUWAHATI       
JID ,JAGI ROAD      
CPK ,CHAPARMUKH JN  
HJI ,HOJAI          
LKA ,LANKA          
LMG ,LUMDING JN     
DPU ,DIPHU          
DMV ,DIMAPUR        
BXJ ,BOKAJAN        
SZR ,SARUPATHAR     
FKG ,FURKATING JN   
TTB ,TITABAR        
MXN ,MARIANI JN     
AGI ,AMGURI         
NMT ,NAMTIALI       
SLGR,SIMALUGURI JN  
BOJ ,BHOJO          
SPK ,SAPEKHATI      
BFD ,BORHAT         
NAM ,NAMRUP         
NHK ,NAHARKATIYA    
DJG ,DULIAJAN       
NTSK,NEW TINSUKIA JN
CHB ,CHABUA         
DBRG,DIBRUGARH      
MS  ,CHENNAI EGMORE 
TBM ,TAMBARAM       
CGL ,CHENGALPATTU   
VM  ,VILLUPURAM JN  
VRI ,VRIDHACHALAM JN
TPJ ,TIRUCHCHIRAPALI
DG  ,DINDIGUL JN    
KQN ,KODAIKANAL ROAD
MDU ,MADURAI JN     
VPT ,VIRUDUNAGAR JN 
SRT ,SATUR          
CVP ,KOVILPATTI     
MEJ ,VANCHIMANIYACHI
TEN ,TIRUNELVELI    
MBM ,MAMBALAM       
AJJ ,ARAKKONAM      
SA  ,SALEM JN       
ED  ,ERODE JN       
TUP ,TIRUPPUR       
CBF ,COIMBATORE NRTH
PTJ ,PODANUR JN     
PGT ,PALAKKAD       
OTP ,OTTAPPALAM     
TCR ,THRISUR        
AWY ,ALUVA          
ERN ,ERNAKULAM TOWN 
PER ,PERAMBUR       
TLGP,TALGUPPA       
SRF ,SAGAR JAMBAGARU
ANF ,ANANDAPURAM    
SMET,SHIMOGA TOWN   
SME ,SHIMOGA        
BDVT,BHADRAVATI     
TKE ,TARIKERE JN    
HAS ,HASSAN         
HLN ,HOLE NARSIPUR  
MGF ,MANDAGERE      
KRNR,KRISHNARAJNAGAR
MYS ,MYSORE JN      
KOJ ,KOKRAJHAR      
DQG ,DHUPGURI       
BOE ,BARSOI JN      
DGR ,DURGAPUR       
ADRA,ADRA JN        
BQA ,BANKURA        
VSU ,BISHNUPUR      
MDN ,MIDNAPORE      
HIJ ,HIJILLI        
BLS ,BALASORE       
CTC ,CUTTACK        
CHE ,SRIKAKULAM ROAD
NGNT,NEW GUNTUR     
TEL ,TENALI JN      
KTYM,KOTTAYAM       
TRVL,TIRUVALLA      
CNGR,CHENGANNUR     
KYJ ,KAYANKULAM JN  
QLN ,KOLLAM JN      
KCVL,KOCHUVELI      
BGM ,BELGAUM        
GPB ,GHATPRABHA     
KUD ,KUDACHI        
BWT ,BANGARAPET     
KPN ,KUPPAM         
TPT ,TIRUPATTUR JN  
YLM ,ELLAMANCHILI   
TUNI,TUNI           
ANV ,ANNAVARAM      
APT ,ANAPARTI       
KYM ,KADIYAM        
KVR ,KOVVUR         
NDD ,NIDADAVOLU JN  
MDR ,MADHIRA        
KMT ,KHAMMAM        
MABD,MAHBUBABAD     
WL  ,WARANGAL       
ZN  ,JANGAON        
KOU ,KODURU         
RJP ,RAZAMPETA      
NRE ,NANDALUR       
HX  ,CUDDAPAH       
YA  ,YERRAGUNTLA    
MOO ,MUDDANURU      
TU  ,TADIPATRI      
GY  ,GOOTY          
GTL ,GUNTAKAL JN    
BAY ,BELLARY JN     
TNGL,TORANAGALLU    
HPT ,HOSPET JN      
KBL ,KOPPAL         
GDG ,GADAG JN       
COA ,KAKINADA PORT  
CCT ,KAKINADA TOWN  
GVN ,GODAVARI       
TDD ,TADEPALLIGUDEM 
GNT ,GUNTUR JN      
SAP ,SATTENAPALLE   
PGRL,PIDUGURALLA    
NDKD,NADIKUDI JN    
MRGA,MIRYALAGUDA    
NLDA,NALGONDA       
HYB ,HYDERABAD DECAN
DKJ ,DORNAKAL JN    
PVP ,PARVATIPURAM   
VBL ,BOBBILI        
NRT ,NARASARAOPET   
VKN ,VINUKONDA      
DKD ,DONAKONDA      
MRK ,MARKAPUR ROAD  
CBM ,CUMBUM         
GID ,GIDDALUR       
NDL ,NANDYAL        
DHNE,DHONE          
ATP ,ANANTAPUR      
DMM ,DHARMAVARAM JN 
CLX ,CHIRALA        
KHT ,SRI KALAHASTI  
TNKU,TANUKU         
BVRT,BHIMAVARAM TOWN
AKVD,AKIVIDU        
KKLR,KAIKALUR       
GDV ,GUDIVADA JN    
PAV ,PEDANA         
CLU ,CHILAKALAPUDI  
MTM ,MACHILIPATNAM  
KVZ ,KAVALI         
BPP ,BAPATLA        
BDCR,BHADRACHALAM RD
KRA ,KAREPALLI      
NKD ,NEKONDA        
ALER,ALER           
BG  ,BHONGIR        
PURI,PURI           
JJKR,JAJPUR K ROAD  
BYT ,BHATAPARA      
BPHB,BHILAI PWR HS  
RJN ,RAJ NANDGAON   
PAR ,PANDHURNA      
BPL ,BHOPAL  JN     
SEH ,SEHORE         
SJP ,SHUJALPUR      
BCH ,BERCHHA        
UJN ,UJJAIN JN      
NAD ,NAGDA JN       
SGZ ,SHAMGARH       
RMA ,RAMGANJ MANDI  
KOTA,KOTA JN        
IDG ,INDARGARH      
SWM ,SAWAI MADHOPUR 
BNLW,BANSTHALI NIWAI
DPA ,DURGAPURA      
JP  ,JAIPUR         
FL  ,PHULERA JN     
KMNC,KUCHAMAN CITY  
MKN ,MAKRANA JN     
DNA ,DEGANA JN      
MTD ,MERTA ROAD JN  
GOTN,GOTAN          
BGKT,BHAGAT KI KOTHI
BWM ,BHAWANI MANDI  
NGO ,NAGAUR         
NOK ,NOKHA          
DSO ,DESHNOK        
SBP ,SAMBALPUR      
BRGA,BARGARH ROAD   
BLGR,BALANGIR       
TIG ,TITLAGARH      
KSNG,KESINGA        
MNGD,MUNIGUDA       
RGDA,RAYAGADA       
PAK ,PAKALA JN      
CTO ,CHITTOOR       
SRC ,SANTRAGACHI JN 
CRJ ,CHITTARANJAN   
PND ,PENDRA ROAD    
APR ,ANUPPUR JN     
SDL ,SHAHDOL        
NKJ ,NEW KATNI JN   
UMR ,UMARIA         
KMZ ,KATNI MURWARA  
DMO ,DAMOH          
SGO ,SAUGOR         
MAKR,BINA MALKHEDI  
AGD ,AGASOD         
GWL ,GWALIOR        
AGC ,AGRA CANTT     
PWL ,PALWAL         
TKD ,TUGLAKABAD     
NDT ,NATHDWARA      
MVJ ,MAVLI JN       
KLH ,KHEMLI         
DRB ,DEBARI         
RPZ ,RANAPRATAPNAGAR
UDZ ,UDAIPUR CITY   
AII ,AJMER JN       
KSG ,KISHANGARH     
RNW ,RENWAL         
RGS ,RINGAS JN      
SMPR,SHRI MADHOPUR  
NMK ,NIM KA THANA   
DBLA,DABLA          
NNL ,NARNAUL        
AEL ,ATELI          
GGN ,GURGAON        
DEC ,DELHI CANTT    
NRI ,NARAINA        
NSD ,NASIRABAD      
BJNR,BIJAINAGAR     
BHL ,BHILWARA       
CNA ,CHANDERIYA     
GGC ,GANGAPUR CITY  
SMBJ,SHRI MAHABIRJI 
HAN ,HINDAUN CITY   
BXN ,BAYANA JN      
BTE ,BHARATPUR JN   
MTJ ,MATHURA JN     
FDB ,FARIDABAD      
NZM ,H NIZAMUDDIN   
BTC ,BALAGHAT JN    
SMC ,SAMNAPUR       
CRN ,CHAREGAON      
LTA ,LAMTA          
NWA ,NAGARWARA      
NIR ,NAINPUR JN     
PDE ,PINDRAI        
GNS ,GHONSOR        
SKY ,SHIKARA        
BUQ ,BARGI          
HBG ,HOWBADH JABLPUR
DIVA,DIVA           
MNI ,MANGAON        
KHED,KHED           
CHI ,CHIPLUN        
SGR ,SANGMESHWAR    
RN  ,RATNAGIRI      
ADVI,ADAVALI        
RAJP,RAJAPUR ROAD   
VBW ,VAIBHAVWADI RD 
KKW ,KANKAVALI      
SNDD,SINDHUDURG     
KUDL,KUDAL          
SWV ,SAWANTWADI ROAD
PERN,PERNEM         
THVM,THIVIM         
KRMI,KARMALI        
VEN ,VERNA          
VID ,VILAVADE       
KAWR,KARWAR         
BTJL,BHATKAL        
UD  ,UDUPI          
TOK ,THOKUR         
MAJN,MANGALORE JN   
KGQ ,KASARAGOD      
CAN ,KANNUR         
CLT ,KOZHIKODE      
TIR ,TIRUR          
SRR ,SHORANUR JN    
ROHA,ROHA           
VEER,VEER           
SVX ,SAVARDA        
AVRD,ARAVALI ROAD   
NAN ,NANDGAON ROAD  
KJT ,KARJAT         
LNL ,LONAVALA       
STR ,SATARA         
KRD ,KARAD          
TKR ,TAKARI         
SLI ,SANGLI         
BAND,BANASWADI      
VLR ,VELLORE CANT   
ARV ,ARNI ROAD      
PRL ,POLUR          
TNM ,TIRUVANNAMALAI 
TRK ,TIRUKOILUR     
PDY ,PUDUCHERRY     
NRL ,NERAL          
KAD ,KHANDALA       
TGN ,TALEGAON       
KK  ,KHADKI         
SVJR,SHIVAJINAGAR   
CCH ,CHINCHVAD      
PMP ,PIMPRI         
NED ,H SAHIB NANDED 
DUD ,DUDHANI        
GUR ,GANAGAPUR ROAD 
GR  ,GULBARGA       
SDB ,SHAHABAD       
WADI,WADI           
YG  ,YADGIR         
KSN ,KRISHNA        
RC  ,RAICHUR        
MALM,MANTHRALAYAM RD
AD  ,ADONI          
KLU ,KALLURU        
SSPN,SAI P NILAYAM  
HUP ,HINDUPUR       
BNCE,BANGALORE EAST 
XXXX,BPT STATION    
HSRA,HOSUR          
DPJ ,DHARMAPURI     
OML ,OMALUR         
RV  ,RAVER          
BAU ,BURHANPUR      
NPNR,NEPANAGAR      
KKN ,KHIRKIYA       
TBN ,TIMARNI        
MDDP,MANDI DIP      
BHS ,VIDISHA        
BAQ ,GANJ BASODA    
LAR ,LALITPUR       
BAB ,BABINA         
CGN ,CHIRGAON       
AIT ,AIT            
KPI ,KALPI          
PHN ,POKHRAYAN      
BZM ,BHIMSEN        
GOY ,GOVINDPURI     
ON  ,UNNAO JN       
BV  ,BABHNAN        
WST ,WASHERMANPET   
MSB ,CHENNAI BEACH  
TDPR,TIRUPADRIPULYUR
CDM ,CHIDAMBARAM    
SY  ,SIRKAZHI       
MV  ,MAYILADUTURAI J
TVR ,THIRUVARUR JN  
NGT ,NAGAPPATTINAM  
NCR ,NAGORE         
KIK ,KARAIKAL       
SEM ,SERAM          
TDU ,TANDUR         
BMT ,BEGAMPET       
SPT ,SOMPETA        
IPM ,ICHCHPURAM     
CAP ,CHATRAPUR      
BALU,BALUGAON       
KRR ,KARUR          
DEHR,DEHU ROAD      
ALN ,ALANDI         
JJR ,JEJURI         
NIRA,NIRA           
LNN ,LONAND         
WTR ,WATHAR         
KRG ,KOREGAON       
KOV ,KIRLOSKARVADI  
BVQ ,BHILAVDI       
JSP ,JAYASINGPUR    
VV  ,VALIVADE       
GPR ,GHORPURI       
KJ  ,KAJGAON        
CKHS,CHIKHLI        
MHPE,MOHOPE         
CHOK,CHAUK          
KEM ,KEM            
HG  ,HOTGI          
AKOR,AKALKOT ROAD   
NW  ,NALWAR         
SADP,SAIDAPUR       
MTU ,MATMARI        
KO  ,KOSGI          
KGL ,KUPGAL         
NRR ,NAGARUR        
RLO ,RAYALCHERUVU   
KDP ,KONDAPURAM     
KKM ,KAMALAPURAM    
PUT ,PUTTUR         
TRT ,TIRUTTANI      
TRL ,TIRUVALLUR     
RMP ,RAHIMATPUR     
TAZ ,TARGAON        
MSR ,MASUR          
SIW ,SHIRRAVDE      
GRMT,GUR MARKET     
NMGT,NMG TAMDALGE   
VRB ,VISHRAMBAG     
IDR ,INDI ROAD      
NBL ,NIMBAL         
BJP ,BIJAPUR        
KTE ,KATNI          
MYR ,MAIHAR         
STA ,SATNA          
MKP ,MANIKPUR JN    
ALD ,ALLAHABAD JN   
ALY ,ALLAHABAD CITY 
GYN ,GYANPUR ROAD   
MUV ,MANDUADIH      
BCY ,VARANASI CITY  
ARJ ,AUNRIHAR JN    
GCT ,GHAZIPUR CITY  
BUI ,BALLIA         
LSI ,LAHERIA SARAI  
MAU ,MAU JN         
BIR ,BIR            
MDVR,MADHAVNAGAR    
NDE ,NANDRE         
BPF ,BANAPURA       
SGP ,SOHAGPUR       
BVNR,BHAVANI NAGAR  
KY  ,KARELI         
SRID,SHRIDHAM       
JSV ,JARANDESHWAR   
SHR ,SIHORA ROAD    
JTW ,JAITWAR        
ABLE,AMBALE         
DBR ,DABHAURA       
SRJ ,SHANKARGARH    
JSR ,JASRA          
URI ,URULI          
KDG ,KEDGAON        
NYN ,NAINI          
PRG ,PRAYAG         
PFM ,PHAPHAMAU JN   
PB  ,PUNTAMBA       
SYC ,SARAI CHANDI   
PLP ,PHULPUR        
URPR,UGRASENPUR     
YL  ,YEOLA          
BYHA,BARYA RAM      
JNH ,JANGHAI JN     
SQN ,SARAI KANSRAI  
SAW ,SURIAWAN       
MOF ,MONDH          
BOY ,BHADOHI        
PRF ,PARSIPUR       
KEH ,KAPSETI        
SWPR,SEWAPURI       
CHH ,CHAUKHANDI     
JKN ,JAKHANIAN      
DLR ,DULLAHAPUR     
IAA ,INDARA JN      
BLTR,BELTHARA ROAD  
LRD ,LAR ROAD       
SEGM,SEVAGRAM       
SRU ,SALEMPUR JN    
TGP ,TULJAPUR       
SNI ,SINDI          
AJNI,AJNI           
ITR ,ITWARI         
KP  ,KAMPTEE        
BRD ,BHANDARA ROAD  
TMR ,TUMSAR ROAD    
TRO ,TIRORA         
VNA ,VARANGAON      
CJ  ,KANCHIPURAM    
MLMR,MELMARUVATTUR  
SRGM,SRIRANGAM      
AWB ,AURANGABAD     
J   ,JALNA          
KNVT,KINWAT         
ADB ,ADILABAD       
MJRI,MAJRI JN       
NRKR,NARKHER        
AMLA,AMLA JN        
BZU ,BETUL          
GDYA,GHORADONGRI    
MGS ,MUGHAL SARAI JN
BBU ,BHABUA ROAD    
SSM ,SASARAM        
DOS ,DEHRI ON SONE  
GAYA,GAYA JN        
KQR ,KODERMA        
PNME,PARASNATH      
DHN ,DHANBAD JN     
SED ,SHEDBAL        
UGR ,UGAR KHURD     
CNC ,CHINCHLI       
RBG ,RAYBAG         
CKR ,CHIKODI ROAD   
GKK ,GOKAK ROAD     
SUL ,SULADHAL       
KNP ,KHANAPUR       
ADI ,AHMEDABAD JN   
ND  ,NADIAD JN      
ANND,ANAND JN       
BRC ,VADODARA JN    
BH  ,BHARUCH JN     
ST  ,SURAT          
NVS ,NAVSARI        
VAPI,VAPI           
BSR ,VASAI ROAD     
BIRD,BHIWANDI ROAD  
MAY ,MARIAHU        
JNU ,JAUNPUR JN     
SHG ,SHAHGANJ JN    
KRND,KHORASON ROAD  
SMZ ,SARAI MIR      
AMH ,AZAMGARH       
ZBD ,ZAFARABAD JN   
MMA ,MUHAMMADABAD   
BFJ ,BHORAS BUDRUKH 
RM  ,RAJMANE        
MWK ,MORDAD TANDA   
BRVR,BORVIHIR       
MHAD,MOHADI PRGN LNG
SAV ,SAVDA          
NB  ,NIMBHORA       
TLV ,TALVADYA       
CAER,CHHANERA       
BNI ,BUDNI          
ODG ,OBAIDULLA GANJ 
SCI ,SANCHI         
GLG ,GULABHGANJ     
MABA,MANDI BAMORA   
DUA ,DHAURA         
JLN ,JAKHALAUN      
TBT ,TALBAHAT       
BZY ,BASAI          
DAA ,DATIA          
SOR ,SONAGIR        
DBA ,DABRA          
MRA ,MORENA         
DHO ,DHAULPUR       
RKM ,RAJA KI MANDI  
KSV ,KOSI KALAN     
BVH ,BALLABGARH     
SZM ,SUBZI MANDI    
BHD ,BADLI          
NUR ,NARELA         
SNP ,SONIPAT        
GNU ,GANAUR         
SMK ,SAMALKHA       
PNP ,PANIPAT JN     
GRA ,GHARAUNDA      
KUN ,KARNAL         
TRR ,TARAORI        
NLKR,NILOKHERI      
KKDE,KURUKSHETRA JN 
SHDM,SHAHBAD MARKNDA
UBC ,AMBALA CITY    
RPJ ,RAJPURA JN     
PTA ,PATIALA        
NBA ,NABHA          
MET ,MALERKOTLA     
AHH ,AHMADGARH      
PHR ,PHILLAUR JN    
GRY ,GORAYA         
PGW ,PHAGWARA JN    
JUC ,JALANDHAR CITY 
BEAS,BEAS           
JNL ,JANDIALA       
ASR ,AMRITSAR JN    
KRE ,KARTARPUR      
RDDE,RATHDHANA      
ANDI,ADRSH NGR DELHI
BHLP,BHULANPUR      
YFP ,YUSUFPUR       
SIP ,SURAIMANPUR    
MCRD,MECHERI ROAD   
MTDM,METUR DAM      
TMV ,TINDIVANAM     
CHSM,CHINNA SALEM   
ATU ,ATTUR          
ETP ,ETTAPUR ROAD   
VGE ,VALAPPADI G HLT
APN ,AYODHYAPATTANAM
SXT ,SALEM TOWN     
PBH ,PARTAPGARH JN  
AME ,AMETHI         
RBL ,RAE BARELI JN  
FD  ,FAIZABAD JN    
MRPR,MAU RANIPUR    
HPP ,HARPALPUR      
MBA ,MAHOBA         
BNDA,BANDA JN       
ATE ,ATARRA         
CKTD,CHITRAKOT      
KYE ,KHURAI         
GAJ ,GANESHGANJ     
PHA ,PATHARIA       
BNU ,BANDAKPUR      
UHR ,UNCHHERA       
UDGR,UDGIR          
KMNR,KAMALNAGAR     
BHLK,BHALKI         
BIDR,BIDAR          
SIR ,SIRHIND JN     
KNN ,KHANNA         
TDO ,TANDA URMAR    
DZA ,DASUYA         
MEX ,MUKERIAN       
KTHU,KATHUA         
SMBX,SAMBA          
VJPJ,VIJIYPUR JAMMU 
HRNR,HIRA NAGAR     
COI ,CHEOKI         
MZP ,MIRZAPUR       
VRL ,VERAVAL        
KSD ,KESHOD         
JND ,JUNAGADH JN    
NUD ,NAVAGADH       
GDL ,GONDAL         
RJT ,RAJKOT JN      
WKR ,WANKANER JN    
SUNR,SURENDRANAGAR  
VG  ,VIRAMGAM JN    
BL  ,VALSAD         
DRD ,DAHANU ROAD    
MAN ,MANINAGAR      
LUNI,LUNI JN        
PMY ,PALI MARWAR    
MJ  ,MARWAR JN      
FA  ,FALNA          
ABR ,ABU ROAD       
PNU ,PALANPUR JN    
MSH ,MAHESANA JN    
CLDY,CHANDLODIYA    
SBT ,SABARMATI JN   
BHUJ,BHUJ           
AJE ,ANJAR          
AI  ,ADIPUR         
GIMB,GANDHIDHAM BG  
BCOB,BHACHAU BG     
SIOB,SAMAKHIALI B G 
DHG ,DHRANGDHRA     
BDL ,VINDHYACHAL    
CAR ,CHUNAR         
KEI ,KASHI          
GOK ,GOKARNA ROAD   
KT  ,KUMTA          
HNA ,HONNAVAR       
MRDW,MURDESHWAR     
KUDA,KUNDAPURA      
MULK,MULKI          
KZE ,KANHANGAD      
PAY ,PAYYANUR       
TLY ,THALASSERY     
BOR ,BOISAR         
GDA ,GODHRA JN      
DHD ,DAHOD          
RTM ,RATLAM JN      
MKC ,MAKSI          
SFY ,SHAJAPUR       
BRRG,BIYAVRA RAJGARH
RTA ,RUTHIYAI       
GUNA,GUNA           
SVPI,SHIVPURI       
CBK ,CHACHAURA BNGJ 
BVI ,BORIVALI       
BDTS,BANDRA TERMINUS
KOAA,KOLKATA        
BP  ,BARRACKPORE    
BWN ,BARDDHAMAN JN  
MDP ,MADHUPUR JN    
ARA ,ARA            
BXR ,BUXAR          
MOTH,MOTH           
BWR ,BARWA SAGAR    
NEW ,NIVARI         
BTX ,BELA TAL       
KLAR,KULPAHAR       
KHU ,KHURHAND       
BTKP,BHARAT KUP     
BRG ,BARGARH        
DSS ,DALSINGH SARAI 
KRBP,KHUDIRAM B PUSA
DOL ,DHOLI          
BNR ,BHAGWANPUR     
SAI ,SARAI          
DDA ,DURAUNDHA JN   
BTK ,BANKATA        
BHTR,BHATPAR RANI   
GB  ,GAURI BAZAR    
SWA ,SAHJANWA       
MSW ,MASKANWA       
CLJ ,COLONELGANJ    
BUW ,BURHWAL        
PMN ,PAMAN          
LLR ,LALPUR         
INDB,INDORE JN BG   
MGG ,MANGLIYA GAON  
DWX ,DEWAS          
NRGR,NARANJIPUR     
ANKX,ANK MMR DIRECT 
RGO ,ROTEGAON       
LSR ,LASUR          
PTU ,PARTUR         
SELU,SELU           
BMF ,BASMAT         
KATL,KATOL          
MTY ,MULTAI         
BUDI,BUNDI          
MLGH,MANDALGARH     
COR ,CHITTAURGARH   
JOB ,ASALPUR JOBNER 
KKU ,KANAKPURA      
MUE ,MUDKHED        
UMRI,UMRI           
DAB ,DHARMABAD      
BSX ,BASAR          
NZB ,NIZAMABAD      
REWA,REWA           
KTES,KATNI SOUTH    
BRS ,BIRSINGHPUR    
BUH ,BURHAR         
KTMA,KOTMA          
BJRI,BIJURI         
BRH ,BAIKUNTHPUR RD 
KTO ,KATORA         
BSPR,BISHRAMPUR     
ABKP,AMBIKAPUR      
GRO ,GURRA          
SQL ,SONTALAI       
BGTA,BAGRA TAWA     
GMD ,GURAMKHEDI     
BKH ,BANKHEDI       
SCKR,SALICHAUKA ROAD
BNE ,BOHANI         
KKB ,KARAK BEL      
BMR ,BIKRAMPUR      
BHTN,BHITONI        
BRGT,BHERAGHAT      
DOE ,DEORI          
GSPR,GOSALPUR       
REI ,RITHI          
SYA ,SALAIA         
MKRN,MAKRONIA       
NOI ,NARIAOLI       
JRK ,JERUWA KHERA   
KAH ,KALHAR         
BET ,BARETH         
SMT ,SALAMATPUR     
NRPD,NARAYANPET ROAD
PKD ,PENUKONDA      
GBD ,GAURIBIDANUR   
DBU ,DODBALLAPUR    
YNK ,YELHANKA JN    
SNF ,SANAT NAGAR    
LPI ,LINGAMPALLI    
SKP ,SHANKARPALLI   
VKB ,VIKARABAD JN   
NAW ,NAWANDGI       
KQT ,KURGUNTA       
MQR ,MALKHAID ROAD  
CT  ,CHITTAPUR      
NSL ,NAGARSOL       
MVO ,MANWATH ROAD   
BOKR,BHOKAR         
HEM ,HIMAYATNAGAR   
SHSK,SAHARSRAKUND   
PMKT,PIMPALKHUTI    
LNT ,LINGTI         
KAYR,KAYAR          
WANI,WANI           
WRR ,WARORA         
HGT ,HINGANGHAT     
AMI ,AMRAVATI       
TVL ,TADWAL         
BSRX,BAGEVADI RD    
LMT ,ALMATTI        
BGK ,BAGALKOT       
GED ,GULEDAGUDDA RD 
BDM ,BADAMI         
HLAR,HOLE ALUR      
MLP ,MALLAPUR       
BLR ,BALGANUR       
HBL ,HOMBAL         
NGR ,ANNIGERI       
KHBJ,KHANNA BANJARI 
BEHR,BEOHARI        
MWJ ,MARWASGRAM     
SGAM,SAREIGRAM      
SGRL,SINGRAULI      
OBR ,OBRA DAM       
CPU ,CHOPAN         
RNQ ,RENUKUT        
DXN ,DUDDHINAGAR    
WDM ,WYNDHAMGANJ    
NUQ ,NAGAR UNTARI   
GHQ ,GARHWA         
GHD ,GARWA ROAD     
DTO ,DALTONGANJ     
BRWD,BARWADIH JN    
CPDR,CHHIPADOHAR    
LTHR,LATEHAR        
TORI,TORI           
MGME,MCCLUSKIEGANJ  
KLRE,KHALARI        
RAY ,RAY            
PTRU,PATRATU        
BRKA,BARKA KANA     
RRME,RANCHI ROAD    
CNPR,CHAINPUR       
GMIA,GUMIA          
BKRO,BOKARO THERMAL 
BRMO,BERMO          
PUS ,PHUSRO         
BHME,BHANDARIDAH    
CRP ,CHANDRAPURA JN 
KTH ,KATRASGARH     
KMME,KUMARDUBI      
ULT ,KULTI          
RNG ,RANIGANJ       
BRR ,BARAKAR        
OKA ,OKHLA          
DKZ ,DELHI KISHANGNJ
SSB ,SHAKURBASTI    
BGZ ,BAHADURGARH    
SFM ,SUNAM          
SAG ,SANGRUR        
SBD ,SLEEMANABAD RD 
UDR ,AMDARA         
NDB ,NANDURBAR      
SMNH,SOMNATH        
MLHA,MALIYA HATINA  
JLR ,JETALSAR JN    
VRR ,VIRPUR         
BKNG,BHAKTI NAGAR   
THAN,THAN JN        
MHD ,MHMDVD KHEDA RD
DRL ,DEROL          
MGN ,MEGHNAGAR      
KUH ,KHACHROD       
TAN ,TARANA ROAD    
KSH ,KALI SINDH     
AKD ,AKODIA         
KPP ,KALAPIPAL      
PRB ,PARBATI        
BIH ,BAIRAGARH      
MFQ ,MAHROI         
VST ,BIJAYSOTA      
NWB ,NIWAS ROAD     
BRGW,BARGAWAN       
MNV ,MUNGAOLI       
ASKN,ASHOK NAGAR    
SFW ,SARANGPUR      
JKE ,JUKEHI         
ETW ,ETAWAH         
TDL ,TUNDLA JN      
ALJN,ALIGARH JN     
KLK ,KALKA          
BCT ,MUMBAI CENTRAL 
AWR ,ALWAR          
ANVR,ANAND VIHAR    
DDN ,DEHRADUN       
BKSC,BOKARO STL CITY
MURI,MURI           
GATD,GAUTAMDHARA    
RNC ,RANCHI         
GTS ,GHATSILA       
TATA,TATANAGAR JN   
SINI,SINI JN        
CBSA,CHAIBASA       
DPS ,DANGOAPOSI     
NOMD,NOAMUNDI       
BJMD,BARA JAMDA     
BBN ,BARABIL        
JMT ,JAMTARA        
JMU ,JAMUI          
GADJ,GANDHINAGAR JPR
AF  ,AGRA FORT      
TUN ,TOHANA         
KGM ,KATHGODAM      
HDW ,HALDWANI       
LKU ,LAL KUAN       
RUPC,RUDRAPUR CITY  
RMU ,RAMPUR         
DKAE,DANKUNI        
BHP ,BOLPUR S NIKTN 
NFK ,NEW FARAKKA JN 
JGN ,JAGRAON        
MOGA,MOGA           
MSZ ,MANSA          
BTI ,BHATINDA JN    
TKJ ,TILAK BRIDGE   
DBD ,DEOBAND        
SASN,SAHIBZADA ASNGR
KART,KIRATPUR SAHIB 
ANSB,ANANDPUR SAHIB 
UHL ,UNA HIMACHAL   
MRND,MORINDA        
PTNR,PATELNAGAR     
JTTN,JORHAT TOWN    
RIG ,RAIGARH        
KHS ,KHARSIA        
SKT ,SAKTI          
BUA ,BARADWAR       
CPH ,CHAMPA         
NIA ,JANJGIR NAILA  
AKT ,AKALTARA       
TLD ,TILDA          
DGG ,DONGARGARH     
JER ,JALESWAR       
SORO,SORO           
FK  ,FEROK          
AFK ,ANGAMALI       
SRTL,SHERTALAI      
ALLP,ALLEPPEY       
VAK ,VARKALASIVAGIRI
TVC ,TRIVANDRUM CNTL
SPE ,SULLURUPETA    
BDJ ,VADAKARA       
MVLK,MAVELIKARA     
KMU ,KUMBAKONAM     
TJ  ,THANJAVUR      
IGU ,IRUGUR         
NR  ,NIPHAD         
SNSI,SAINAGAR SHIRDI
BYNR,MOOKAMBIKA ROAD
SL  ,SURATHKAL      
BRZ ,BARETA         
BLZ ,BUDHLADA       
MAUR,MAUR           
GNA ,GONEANA B JAGTA
GJUT,GANGSAR JAITU  
KKP ,KOT KAPURA     
FDK ,FARIDKOT       
FZR ,FIROZPUR CANT  
BPK ,BHUGAON        
SNN ,SONEGAON       
NGI ,NAGARI         
CKNI,CHIKNI ROAD    
BUX ,BHANDAK        
TAE ,TADALI         
CD  ,CHANDRAPUR     
BUPH,BABUPETH       
GNVR,GONDWANAVISAPUR
NHH ,NIHALGARH      
MFKA,MUSAFIR KHANA  
MSMD,MAHASAMUND     
KRAR,KHARIAR ROAD   
KBJ ,KANTABANJI     
BUDM,BADMAL         
SBPD,SAMBALPUR ROAD 
ANGL,ANGUL          
TLHR,TALCHER        
DNKL,DHENKANAL      
NRG ,NERGUNDI       
JEP ,JEONATHPUR     
NMP ,NIMPURA        
GKL ,GOKULPUR       
TMT ,TIMTALA        
GMO ,NSC BOSE J GOMO
KID ,KHAIRAR JN     
PNK ,PANKI          
RURA,RURA           
JJK ,JHINJHAK       
PHD ,PHAPHUND       
SKB ,SHIKOHABAD JN  
FZD ,FIROZABAD      
CAG ,CHHABRA GUGOR  
BAZ ,BARAN          
ATH ,ANTAH          
CKB ,CHAUTH KA BRWRA
ISA ,ISARDA         
MJG ,MAJHAGAWAN     
KRNT,KURNOOL CITY   
GWD ,GADWAL         
MBNR,MAHBUBNAGAR    
KCG ,KACHEGUDA      
MJF ,MALKAJGIRI     
RDM ,RAMAGUNDAM     
SKZR,SIRPUR KAGAZNGR
IDH ,IDGAH AGRA JN  
AH  ,ACHHNERA JN    
NBI ,NADBAI         
KL  ,KHERLI         
MURD,MANDAWAR M RD  
BKI ,BANDIKUI JN    
DO  ,DAUSA          
GTJT,GETOR JAGATPURA
BDWS,BADARWAS       
KLRS,KOLARAS        
ANKL,ANKOLA         
BIJR,BIJOOR         
SHC ,SAHARSA JN     
SBV ,S BHAKHTIYARPUR
KGG ,KHAGARIA JN    
BGS ,BEGU SARAI     
HRI ,HARDOI         
BLQR,BILASPUR ROAD  
LRJ ,LAKSAR JN      
BMKI,BAPUDM MOTIHARI
SGL ,SAGAULI JN     
BTH ,BETTIAH        
NKE ,NARKATIAGANJ JN
RNN ,RAJANKUNTI     
SUH ,SULEHALLI      
LPNR,LAJPAT NAGAR   
GNC ,GANDHINAGAR CAP
MLPR,MALIPUR        
ABP ,AKBARPUR       
AY  ,AYODHYA        
RDL ,RUDAULI        
HPU ,HAPUR          
DPR ,DHAMPUR        
NGG ,NAGINA         
NBD ,NAJIBABAD JN   
JUDW,JAGADHRI WSHOP 
MRHT,MORANHAT       
KIR ,KATIHAR JN     
SNL ,SANAHWAL       
CAF ,CHANDA FORT    
MME ,MUL MARORA     
NAB ,NAGBHIR JN     
WSA ,WADSA          
SNV ,SONDAD         
KRBA,KORBA          
GPT ,GOPALAPATNAM   
CGY ,CHANGANASERI   
SDAH,SEALDAH        
DDJ ,DUM DUM        
BRAG,BARANG         
ATMO,AITHAL         
DSNI,DAUSNI         
BAE ,BALIAKHERI     
WJR ,WALAJAH ROAD JN
AUBR,ANUGRAHA N ROAD
FTP ,FATEHPUR       
HZD ,HAZARIBAGH RD  
HRS ,HATHRAS JN     
KRJ ,KHURJA JN      
CNDM,CHANDI MANDIR  
FBD ,FARRUKHABAD    
KSJ ,KASGANJ        
PAN ,PANAGARH       
JOP ,JAUNPUR CITY   
BTA ,BIHTA          
BEA ,BIHIYA         
RPR ,RAGHUNATHPUR   
DURE,DUMRAON        
DLN ,DILDARNAGAR JN 
GKH ,GUSKARA        
MNAE,MANKAR         
OYR ,WARIA          
STN ,SITARAMPUR     
ABFC,AMBARI FALAKATA
BLK ,BELAKOBA       
MOP ,MOHITNAGAR     
JPG ,JALPAIGURI     
HDB ,HALDIBARI      
KQU ,KAMARKUNDU     
PNE ,PRANTIK        
AMP ,AHMADPUR JN    
SNT ,SAINTHIA       
MNP ,MANANPUR       
BSQP,BANSIPUR       
PWS ,PHULWARI SHARIF
JAIS,JAIS           
PKR ,PAKUR          
HCR ,HARISCHANDRPUR 
JHD ,JEHANABAD      
PKA ,PRADHANKHUNTA  
DAKE,DAKHINESWAR    
KPK ,KALIPAHARI     
RFJ ,RAFIGANJ       
NH  ,NAIHATI JN     
BDC ,BANDEL JN      
RGD ,RAJGIR         
SILO,SILAO          
NLD ,NALANDA        
POE ,PAWAPURI ROAD H
BEHS,BIHAR SHARIF   
WENA,WENA           
HRT ,HARNAUT        
GMR ,GAHMAR         
GRRU,GURARU         
KTQ ,KUDRA          
CDMR,CHANDAULI MJHWR
IPR ,ISLAMPUR       
EKR ,EKANGARSARAI   
HIL ,HILSA          
DNWH,DANIYAWAN BZR H
ZNA ,ZAMANIA        
SFG ,SUBEDARGANJ    
JAB ,YAMUNA BDG AGRA
AGA ,AGRA CITY      
GDO ,GOVERDHAN      
DEEG,DEEG           
NMDA,NEW MORINDA    
RHG ,RAJGARH        
KRH ,KHAIRTHAL      
GHH ,GARHI HARSARU  
MEP ,MAHIDPUR ROAD  
VMA ,VIKRAMGARH ALOT
CMU ,CHAU MAHLA     
SVA ,SUWASRA        
GOH ,GAROT          
DBRT,DIBRUGARH TOWN 
NNA ,NAUGACHIA      
HLZ ,HALDIA         
TMZ ,TAMLUK         
PKU ,PANSKURA       
RMJK,RAM NAGAR J K  
KURJ,KHAJURAHO      
BNN ,BARNALA        
GDB ,GIDDARBAHA     
MOT ,MALOUT         
ABS ,ABOHAR         
SGNR,SHRI GANGANAGAR
KESR,KESRI SINGHPUR 
SRW ,SHRI KARANPUR  
GJS ,GAJSINGHPUR    
RSNR,RAI SINGH NAGAR
JES ,JAITSAR        
SOG ,SURATGARH JN   
LKS ,LUNKARANSAR    
LGH ,LALGARH JN     
PSV ,PARSNEU        
PM  ,PALAM          
BWSN,BIJWASAN       
PTRD,PATAUDI ROAD   
DKNT,DAKANIYA TALAV 
LKE ,LAKHERI        
NAC ,NAWA CITY      
PPR ,PIPAR ROAD JN  
SBR ,SAMBHAR LAKE   
MDW ,MARWAR MUNDWA  
REN ,REN            
GCH ,GACHHIPURA     
BLM ,BALAMU JN      
ADH ,ANDHERI        
HAPA,HAPA           
JAM ,JAMNAGAR       
RANI,RANI           
JWB ,JAWAI BANDH    
AKV ,ANKLESHWAR JN  
SPZ ,SAMPLA         
TAPA,TAPA           
PUL ,RAMPURA PHUL   
JBN ,JOGBANI        
FBG ,FORBESGANJ     
ARQ ,ARARIYA COURT  
PRNA,PURNIA JN      
SI  ,SONALLI        
SRI ,SALMARI        
RGJ ,RAIGANJ        
KAJ ,KALIYANGANJ    
RDP ,RADHIKAPUR     
SMR ,SAMDHARI JN    
MKSR,MOKALSAR       
JOR ,JALOR          
MON ,MODRAN         
MBNL,MARWAR BHINMAL 
RNV ,RANIWARA       
DQN ,DHANERA        
BLDI,BHILDI         
DDR ,DADAR          
MINJ,MAIKALGANJ     
SMTA,SAMUKTALA ROAD 
DLO ,DALGAON        
KDPR,KUMEDPUR       
GHX ,GARHARA        
JPE ,JALPAIGURI ROAD
MNE ,MANSI JN       
BPRD,BARPETA ROAD   
BPA ,BELLAMPALLI    
MCI ,MANCHIRYAL     
WKI ,WADAKANCHERI   
IJK ,IRINJALAKUDA   
CKI ,CHALAKUDI      
AMPA,AMBALAPUZHA    
HAD ,HARIPPAD       
KPY ,KARUNAGAPALLI  
TVP ,TRIVANDRUM PETT
NDAE,NABADWIP DHAM  
KWAE,KATWA          
AZ  ,AZIMGANJ JN    
KDKN,KENDUKANA      
ROA ,RUSERA GHAT    
KGLE,KHAGRAGHAT ROAD
FKM ,FAKIRAGRAM JN  
JLD ,JARWAL ROAD    
USL ,USALAPUR       
CAI ,CHANPATIA      
HIR ,HARINAGAR      
BUG ,BAGAHA         
BER ,BEAWAR         
DSJ ,DELHI SAFDARJNG
NNO ,NANGLOI        
BNW ,BHIWANI        
HSR ,HISAR          
DMG ,DOMINGARH      
MTR ,MOTIPUR        
MAI ,MEHSI          
CAA ,CHAKIA         
PNYA,PANIAHWA       
SBZ ,SISWA BAZAR    
JYG ,JAYNAGAR       
MBI ,MADHUBANI      
SKI ,SAKRI JN       
HYT ,HAIAGHAT       
KGI ,KENGERI        
MYA ,MANDYA         
ZPL ,ZANGALAPALLE   
PTB ,PATTAMBI       
KTU ,KUTTIPPURAM    
TA  ,TANUR          
PGI ,PARPANANGADI   
QLD ,QUILANDI       
MAHE,MAHE           
PAZ ,PAYANGADI      
CHV ,CHARVATTUR     
NLE ,NILESHWAR      
MAQ ,MANGALORE CNTL 
MJS ,MANJESHWAR     
NYP ,NAYUDUPETA     
BTTR,BITRAGUNTA     
SKM ,SINGARAYAKONDA 
NDO ,NIDUBROLU      
VNUP,VISHNUPURAM    
ALU ,ARIYALUR       
LLI ,LALGUDI        
GOC ,PONMLAI GLD RCK
PDKT,PUDUKKOTTAI    
KKDI,KARAIKKUDI JN  
SHU ,SHOLINGHUR     
AB  ,AMBUR          
MCN ,MUKUNDARAYAPURM
GYM ,GUDIYATTAM     
VN  ,VANIYAMBADI    
MLO ,MALUR          
DKN ,DEVANGONTHI    
WFD ,WHITEFIELD     
CNO ,CANCONA        
BKJ ,BARKUR         
TRTR,TRIUPUNITTURA  
AVD ,AVADI          
VARD,VAIKOM         
SDN ,SHOLAVANDAN    
VLY ,VALLIYUR       
NCJ ,NAGERCOIL JN   
CAPE,KANYAKUMARI    
MPA ,MANAPARAI      
ABI ,AMBATURAI      
UDN ,UDHNA JN       
VYA ,VYARA          
DDE ,DONDAICHA      
AN  ,AMALNER        
SHM ,SHALIMAR       
TTL ,TIRUTTANGAL    
SVKS,SIVAKASI       
SVPR,SRIVILLIPUTTUR 
RJPM,RAJAPALAYAM    
SNKL,SANKARANKOVIL  
PBKS,PMBAKVL SHANDY 
KDNL,KADAYANALLUR   
TSI ,TENKASI JN     
SCT ,SENGOTTAI      
GHNH,GHANTIKHAL NDPR
RQP ,RADHAKISHOREPUR
JMKT,JAMIKUNTA      
MTP ,METUPALAIYAM   
MAP ,MORAPPUR       
DSPT,DANISHPET      
CRLM,CARMELARAM     
SGE ,SANKARIDURG    
BQI ,BOMMIDI        
URL ,UNJALUR        
MMK ,MADURANTAKAM   
TMQ ,TIRUMANGALAM   
KDU ,KADAMBUR       
MVN ,MILAVITTAN     
TME ,TUTI MELUR     
TN  ,TUTICORIN      
KZK ,KAZHAKUTTAM    
MAG ,MANGALAGIRI    
GNP ,GHANPUR        
VDE ,VEDAYAPALEM    
KDM ,KESAMUDRAM     
NZD ,NUZVID         
NMH ,NIMACH         
MDS ,MANDASOR       
KMC ,KAMAREDDI      
PDPL,PEDDAPALLI     
SANK,SANK           
HSD ,HOSDURGA ROAD  
NRP ,NARSIPATNAM RD 
PAP ,PITHAPURAM     
PIL ,PILER          
KCI ,KALIKIRI       
MPL ,MADANAPALLE RD 
MCU ,MULACALACHERUVU
KRY ,KADIRI         
VKI ,VENKATAGIRI    
CTYL,CHITYALA       
RMNP,RAMANNAPETA    
BN  ,BIBINAGAR      
HNMN,HANUMAN STATION
DWP ,DWARAPUDI      
NRDP,NAGIREDDIPALLI 
KRMR,KARIMNAGAR     
LGDH,LALAGUDA GATE  
STPD,SITAFAL MANDI  
SRNR,SRIRAMNAGAR    
MAGH,MANIKGARH      
BTBR,BUTI BORI      
MLY ,MAULA ALI      
JCL ,JADCHERLA      
BYPL,BAIYYAPPANAHALI
UR  ,UMDANAGAR      
SHNR,SHADNAGAR      
WPR ,WANPARTI ROAD  
OBVP,OBULAVARIPALLI 
PNW ,PUNDHAG        
PRP ,PAHARPUR       
SCM ,SIMHACHALAM    
PVPT,PARVATIPURAM TN
SPRD,SINGAPURAM ROAD
THV ,THERUBALI      
AMB ,AMBODALA       
NRLR,NORLA ROAD     
RPRD,RUPRA ROAD     
HSK ,HARISHANKER RD 
BGBR,BAGBAHRA       
BRJN,BRAJRAJNAGAR   
HTE ,HATIA          
SUA ,SARDIHA        
JGM ,JHARGRAM       
CKU ,CHAKULIA       
RHE ,RAKHA MINES    
BJE ,BHOJUDIH JN    
VAA ,BHAGA JN       
MHQ ,MAHUDA         
JAA ,JHALIDA        
BLDA,BELDA          
BTS ,BASTA          
DNM ,DHANMANDAL     
GMDN,GIRIMAIDAN     
SLB ,SALBONI        
CDGR,CHANDRAKONA RD 
GBA ,GARHBETA       
ODM ,ONDAGRAM       
JPH ,JHANTIPAHARI   
ANR ,ANARA          
SSN ,SASON          
SBPY,SAMBALPUR CITY 
TLHD,TALCHER ROAD   
BIY ,BARDOLI        
MID ,MADHI          
NWU ,NAVAPUR        
SNK ,SINDKHEDA      
DXG ,DHARANGAON     
AGN ,AMGAON         
BPH ,BELPAHAR       
BMB ,BAMRA          
GP  ,RAJ GANGPUR    
MCA ,MECHEDA        
MCS ,MANCHESWAR     
KASR,KANAS ROAD     
DEG ,DELANG         
SIL ,SAKHI GOPAL    
NWP ,NAUPADA JN     
CPP ,CHIPURUPALLE   
KAPG,KALUPARA GHAT  
KIT ,KHALLIKOT      
DGHA,DIGHA FLAG STN 
AJU ,ARJUNI         
KGB ,KARGI ROAD     
BIG ,BELGAHNA       
AAL ,AMLAI          
BYL ,BELHA          
SLH ,SILIARI        
ULB ,ULUBARIA       
KATI,KANTHI P H     
RMRB,RAMNAGAR BENGAL
CNI ,CHANDIL JN     
BBM ,BARABHUM       
VT  ,VELLORE TOWN   
GUD ,GALUDIH        
RKSN,RAJKHARSAWAN JN
SWR ,SONUA          
GOL ,GOILKERA       
MOU ,MANOHARPUR     
BNDM,BONDAMUNDA     
GPH ,GARPOS         
BEH ,BAGDIHI        
RGL ,RENGALI        
HKG ,HIRAKUD        
BRPL,BARPALI        
SFC ,SAINTALA       
RMT ,RAMGARH CANT   
RBGJ,ROBERTS GANJ   
BHKD,BHURKUNDA      
GNG ,GAURIGANJ      
MXK ,MANDRAK        
JPL ,JAPLA          
NBG ,NABENAGAR ROAD 
CJN ,CHHATNA        
SNTD,SANTALDIH      
BGY ,BANGRIPOSI     
BPO ,BARIPADA       
KCV ,KRISHNA CH PURA
BTQ ,BETNOTI        
JOL ,JOGAL          
JRG ,JUGPURA        
TKH ,THAKURTOTA     
ROP ,RUPSA JN       
HIP ,HALDIPADA      
MKO ,MARKONA        
MRDL,MERAMANDOLIL   
BONA,BOINDA         
RAIR,RAIRAKHOL      
LSX ,LOISINGHA      
PLG ,PALGHAR        
MUT ,MEERUT CANT    
PBR ,PORBANDAR      
LPJ ,LALPUR JAM     
KMBL,KHAMBHALIYA    
DWK ,DWARKA         
OKHA,OKHA           
SBI ,SABARMATI JN   
UJA ,UNJHA          
BIM ,BILIMORA JN    
AML ,AMALSAD        
MRL ,MAROLI         
SCH ,SACHIN         
VS  ,VISHVAMITRI    
VR  ,VIRAR          
CNBI,CHANDARI       
BVC ,BHAVNAGAR TRMUS
SGD ,SONGADH        
DLJ ,DHOLA JN       
BTD ,BOTAD JN       
JVN ,JORAWARNAGAR JN
JVN ,JORAVARNAGAR   
NGA ,NINGALA JN     
ALMR,ALAMPUR        
UJ  ,UJALVAV        
SOA ,SANOSRA        
WC  ,WADHWAN CITY   
LM  ,LIMBDI         
SOJN,SIHOR GUJARAT  
VTJ ,VARTEJ         
BVP ,BHAVANAGAR PARA
DAS ,DHASA JN       
LMO ,LILIYA MOTA    
SVKD,SAVARKUNDLA    
RLA ,RAJULA JN      
MHV ,MAHUVA JN      
WSJ ,WANSJALIYA     
UA  ,UPLETA         
DISA,DISA           
DEOR,DIYODAR        
RDHP,RADHANPUR      
SNLR,SANTALPUR      
THDR,THANDLA RD     
BMI ,BAMNIA         
UNL ,UNHEL          
KIN ,KAPASAN        
JHW ,JHALAWAR ROAD  
RUR ,RANPUR         
CHZ ,CHARLAPALLI    
CHP ,CHHAPI         
SOH ,SIROHI ROAD    
SOD ,SOJAT ROAD     
FAN ,FATEHNAGAR     
MDL ,MANDAL         
GBP ,GULABPURA      
JAO ,JAORA          
BSE ,BADSHAHPUR     
BCN ,BACHHRAWAN     
ROZA,ROZA JN        
VDS ,VIDYASAGAR     
GHR ,GIDHAUR        
MKB ,MANKATHA       
MOR ,MOR            
GZH ,GULZARBAGH     
NEO ,NEORA          
SDE ,SADISOPUR      
KWR ,KOELWAR        
KUA ,KULHARIA       
BYN ,BANAHI         
BRE ,BHARWARI       
SRO ,SIRATHU        
KGA ,KHAGA          
BKO ,BINDKI ROAD    
ULD ,ACHALDA        
BNT ,BHARTHANA      
JGR ,JASWANTNAGAR   
BDN ,BHADAN         
CHJ ,CHATA          
AST ,ASAOTI         
FDN ,FARIDABAD NW TN
JNA ,JULANA         
UCA ,UCHANA         
DHPR,DAPPAR         
DSB ,SADAR BAZAR    
SNX ,SANEH ROAD     
SRP ,SERAMPORE      
CGR ,CHANDAN NAGAR  
KTW ,KOTDWARA       
PSB ,PARSABAD       
TKN ,TANKUPPA       
JHN ,JAKHIM         
PES ,PHESAR         
SEB ,SON NAGAR      
DGO ,DURGAUTI       
KMS ,KARAMNASA      
SYJ ,SAIDRAJA       
BTP ,BABATPUR       
KSF ,KHALISPUR      
JLL ,JALALGANJ      
KS  ,KHETA SARAI    
BWI ,BILWAI         
GGJ ,GOSHAINGANJ    
ACND,A N DEV NAGAR  
SLW ,SOHWAL         
DYD ,DARYABAD       
SGJ ,SAFDARGANJ     
SAN ,SANDILA        
AJI ,ANJHI SHAHABAD 
TLH ,TILHAR         
PMR ,PITAMBARPUR    
NRS ,NAGARIA SADAT  
SEO ,SEOHARA        
JWP ,JWALAPUR       
RWL ,RAIWALA        
DWO ,DOIWALA        
BDH ,BHEDIA         
MLV ,MALLARPUR      
NHT ,NALHATI JN     
MRR ,MURARAI        
RJG ,RAJGRAM        
TDLE,TILDANGA       
SHE ,SEORAPHULI     
MGAE,MORGRAM        
SDI ,SAGARDIGHI     
DKGS,DINKAR GRAM SIM
NAZJ,NAZIRGANJ      
UJP ,UJIARPUR       
KPGM,KARPURIGRAM    
GRL ,GORAUL         
NYO ,NAYAGAON       
KPS ,KOPA SAMHOTA   
DDP ,DAUDPUR        
CW  ,CHAINWA        
ZRDE,JIRADEI        
KEMR,KEMRI          
HLDD,HALDI ROAD     
RNPR,RUPNARAYANPUR  
TGA ,TEGHRA         
DUBH,DUBAHA         
SIHO,SIHO           
SLT ,SILAUT         
NRPA,NARAYNPUR ANANT
RGH ,RAMGARHWA      
RXL ,RAXAUL JN      
STJT,SATHAJAGAT     
BHW ,BARHARWA JN    
TPH ,TINPAHAR JN    
SRY ,SIRARI         
SHK ,SHEIKPURA      
KSC ,KASHI CHAK     
WRS ,WARIS ALEGANJ  
NWD ,NAWADAH        
TIA ,TILAYA         
WZJ ,WAZERGANJ      
KML ,KAMTAUL        
JNR ,JANAKPUR ROAD  
SMI ,SITAMARHI      
BGU ,BAIRAGNIA      
CNS ,CHUCHURA       
KAN ,KHANA JN       
MUW ,MATHURAPUR     
TWG ,TWINING GANJ   
CSA ,CHAUSA         
BWH ,BHADAURA       
DHA ,DHEENA         
SLD ,SAKALDIHA      
KCA ,KUCHMAN        
VYN ,VYASNAGAR      
BRPT,BIRAPATTI      
PDRD,PINDRA ROAD    
SIQ ,SARKONI        
SKN ,SRIKRISHN NAGAR
HRPG,HARPALGANJ     
KEPR,KOIRIPUR       
LBA ,LAMBHUA        
SHNG,SHIVNAGAR      
AKJ ,AKBARGANJ      
HGH ,HAIDERGARH     
AMG ,ALAMNAGAR      
AO  ,AONLA          
CH  ,CHANDAUSI JN   
RJK ,RAJA KA SAHASPR
GVG ,GOVINDGARH     
DDL ,DHANDARI KALAN 
SOP ,SHIUPUR        
UKA ,UKHRA          
PAW ,PANDABESWAR    
DUJ ,DUBRAJPUR      
SURI,SIURI          
EKI ,EKLAKHI        
GZO ,GAZOLE         
BNDP,BUNIADPUR      
BLGT,BALURGHAT      
MZC ,MIRZA CHEUKI   
SVRP,SHIVANARAYANPUR
RHA ,RANAGHAT JN    
KNJ ,KRISHNGR CTY JN
BTY ,BETHUADAHARI   
DEB ,DEBAGRAM       
PLY ,PLASSEY        
REJ ,REJINAGAR      
BEB ,BELDANGA       
BPC ,BERHAMPORE CRT 
CSZ ,COSSIMBAZAR    
MBB ,MURSHIDABAD    
JJG ,JIAGANJ        
BQG ,BHAGWANGOLA    
LGL ,LALGOLA        
AYRN,AKSHAYWAT R NGR
STLR,SITALPUR       
STW ,SAHATWAR       
DAKA,DHAKA          
GEDE,GEDE           
BNXR,BIDHAN NAGAR   
KLP ,KOTALPUKUR     
TLJ ,TALJHARI       
SLJ ,SAKRIGALI JN   
BKSL,BIKRAM SHILA   
SBO ,SABAUR         
MPY ,MURARPUR       
DRTP,DASHARATHPUR   
HDE ,HARDAS BIGHA   
KRS ,KARISATH       
CTR ,CHATRA         
JGD ,JAGADISHPUR    
MMD ,MAHESHMUNDA    
GRD ,GIRIDIH        
BFM ,BHALUI         
RDUM,RAMPUR DUMRA   
KNHP,KANHAIPUR      
BKG ,BANKA GHAT     
ARW ,AHRAURA ROAD   
KYT ,KAILAHAT       
GAE ,GAIPURA        
JIA ,JIGNA          
MNF ,MANDA ROAD     
UND ,UNCHDIH        
MJA ,MEJA ROAD      
KCN ,KARCHANA       
BMU ,BAMHRAULI      
MRE ,MANAURI        
SYWN,SAIYID SARAWAN 
MNJ ,MANOHARGANJ    
BDNP,BIDANPUR       
SJT ,SHUJAATPUR     
RUB ,RASULABAD      
MWH ,MALWAN         
KBN ,KARBIGWAN      
BRN ,BARHAN         
JLS ,JALESAR ROAD   
SNS ,SASNI          
KLA ,KULWA          
SOM ,SOMNA          
DAR ,DANWAR         
SKQ ,SIKANDARPUR    
CHL ,CHOLA          
WAIR,WAIR           
DKDE,DANKAUR        
DER ,DADRI          
SBB ,SAHIBABAD      
TKBG,TEKKABIGHA     
MMKB,MEKRA MEMERKHAB
PAIL,PALI A         
RSR ,RASRA          
ABKA,AMBIKA KALNA   
SALE,SALAR          
BZLE,BAZARSAU       
JRLE,JANGIPUR ROAD  
NILE,NIMTITA        
DGLE,DHULIAN GANGA  
SM  ,SAMSI          
BKRD,BHALUKA ROAD F 
AZR ,AZAMNAGAR ROAD 
DLK ,DALKOLHA       
AUB ,ALUABARI ROAD  
NMX ,NEW MAYNAGURI  
FLK ,FALAKATA       
GDX ,GHOKSADANGA    
SGUJ,SILIGURI JN    
NMZ ,NEW MAL JN     
HSA ,HASIMARA       
HOJ ,HAMITONGANJ    
GJD ,GUJHANDI       
GAP ,GURPA          
MLD ,MALIHABAD      
CBJ ,CLUTTERBUCKGANJ
MIL ,MILAK          
KNT ,KANTH          
BEK ,BUNDKI         
MZM ,MUZZAMPUR NRYN 
CNK ,CHANDOK        
BLW ,BALAWALI       
RSI ,RAISI          
SJNP,SUJANPUR       
CKDL,CHAKDAYALA     
OMLF,OLD MALDA      
ADF ,ADINA          
MANG,MAHANAGAR      
DOTL,DEOTALA        
DLPH,DAULATPUR HAT  
GRMP,GANGARAMPUR    
MLNH,MALANCHA       
RMPB,RAMPUR BAZAR   
MKRH,MALLICKPUR HAT 
LAV ,LABHA          
SMO ,SEMAPUR        
CRR ,KARAGOLA ROAD  
KUE ,KURSELA        
THB ,THANA BIHPUR JN
NNR ,NARAYANPUR     
MSK ,MAHES KHUNT    
KFA ,KOPARIA        
CPA ,KANPUR ANWRGANJ
KJN ,KANNAUJ        
FGR ,FATEHGARH      
HTC ,HATHRAS CITY   
RJA ,RAJANAGAR      
TPF ,TARAPITH ROAD  
KJI ,KHAJAULI       
PDW ,PANDAUL        
RBZ ,RAMBHADDARPUR  
NNW ,NRYNPUR TATWAR 
BAKA,BANKA          
BHLE,BARAHAT        
PNSA,PUNSIA         
DWLE,DHAUNI         
HPLE,HATPURAINI     
KKTA,KOLLIKHUTAHA   
TETA,TELTA          
SUD ,SUDHANI        
KWE ,KHURIAL        
KTRH,KATAREAH       
LKN ,LAKHMINIA      
RJO ,RAJENDRA PUL   
HTZU,HATHIDAH UPPER 
BNV ,BINNAGURI      
PPTA,PATLIPUTRA     
ADTP,ADITYAPUR      
KND ,KANDRA         
BURN,BURNPUR        
GMH ,GAMHARIA       
SDBH,SINDRIBLOCK HUT
PEH ,PATHARDIH JN   
SDMD,SUDAMDIH       
JRI ,JHARIA         
TET ,TETULMARI      
CCK ,CHICHAKI       
MIH ,MIHRAWAN       
BLG ,BILHAR GHAT    
PTH ,PATRANGA       
RAA ,BARARA         
CHA ,CHAWAPALL      
DOA ,DORAHA         
BZG ,BILGA          
NRM ,NURMAHAL       
NRO ,NAKODAR JN     
MQS ,MALSIAN SHAHKHT
LNK ,LOHIAN KHAS JN 
MXH ,MAKHU          
MWX ,MALLANWALA KHAS
TEA ,TAREGNA        
KRLR,KARAILA ROAD JN
KRSL,KRISHNASHILLA  
SKTN,SHAKTI NAGAR   
CUK ,CHURK          
LUSA,LUSA           
KCKI,KECKHI         
URD ,UNTARE ROAD    
MDJ ,MUHAMMADGANJ   
HDN ,HAIDARNAGAR    
ANH ,ANKORAH AKORHA 
BELA,BELA           
MDE ,MAKHDUMPUR GAYA
PPN ,PUNPUN         
GBX ,GOVINDPUR ROAD 
BANO,BANO           
NXN ,NUAGAON        
ATS ,ATTABIRA       
KTV ,KOTTAVALASA    
GLP ,GOLLAPROLU     
CJM ,CHINNA GANJAM  
SLY ,SAMALPATTI     
TUVR,TURAVUR        
MAKM,MARARIKULAM    
JRA ,JARAIKELA      
PLJE,PHULWARTANR    
GMAN,GUMANI         
CDRL,CHHANDRAULI    
KTJ ,KHALTIPUR      
ATT ,ATARI          
RUSD,RUNNI SAIDPUR  
PMU ,PARMANANDPUR   
ATNR,AWATARNAGAR    
BAGL,BARAGOPAL      
DRI ,DUMRI JUARA    
GJH ,GOLDINGANJ     
CI  ,CHHAPRA KACHERI
MBS ,MADHOSINGH     
AMRO,AMROHA         
PKW ,PILKHUA        
CHTI,CHANETI        
CWA ,CHHINDWARA JN  
PUX ,PARASIA        
JNO ,JUNNOR DEO     
NVG ,NAWAGAON       
HSX ,HOSHIARPUR     
BPRS,BHOGPUR SIRWAL 
UCB ,UNCHI BASSI    
MRTL,MIRTHAL        
KNDI,KANDRORI       
PTK ,PATHANKOT      
MDPB,MADHOPUR PUNJAB
CHNR,CHHAN ARORIAN  
BBMN,BARI BRAHMAN   
LHA ,LEHRA GAGA     
BAT ,BATALA JN      
DHW ,DHARIWAL       
GSP ,GURDASPUR      
GJL ,GAJRAULA JN    
MNDR,MANDI DHANAURA 
CPS ,CHAND SIAU     
HLDR,HALDAUR        
BJO ,BIJNOR         
JMK ,JAMUNAMUKH     
KWM ,KAMPUR         
DGU ,DIGARU         
NLV ,NALBARI        
BJF ,BIJNI          
BNGN,BONGAIGAON     
GOGH,GOSSAIGAON HAT 
DKT ,DHULKOT        
BJ  ,BAHJOI         
BBA ,BABRALA        
RG  ,RAJGHAT NARORA 
KAP ,KALIANPUR      
GHJ ,GURSAHAIGANJ   
BGQ ,BHONGAON       
MNQ ,MAINPURI       
BSC ,BULANDSHAHR    
FYZ ,FAIZULLAPUR    
KJY ,KHURJA CITY    
BARL,BARAL          
DND ,DANDUPUR       
ANTU,ANTU           
KCJ ,KASIMPUR       
HCP ,HARCHANDPUR    
KHNM,KUNDA HARNAMGNJ
UCR ,UNCHAHAR JN    
NHN ,NIGOHAN        
FHT ,FARAH TOWN     
HDL ,HODAL          
KEA ,KATRA          
NGB ,NAWABGANJ GONDA
PQN ,PARIAWAN K.K.RD
LMN ,LACHHMANPUR    
RMC ,RAM CHAURA ROAD
LGO ,LALGOPALGANJ   
GRMR,GARHI MANIKPUR 
JPD ,JALALPUR DHAI  
DMW ,DALMAU JN      
LLJ ,LALGANJ        
RRS ,RAGHURAJ SINGH 
TQA ,TAKIA          
BQP ,BIGHAPUR       
VVB ,VIVEKA VIHAR   
PSE ,PUSAULI        
SFH ,SAFEDABAD      
JRR ,JUGAUR         
ML  ,MALHOUR        
KKJ ,KAKORI         
DIL ,DILAWARNAGAR   
RBD ,RAHIMABAD      
UTA ,UMAR TALI      
DLQ ,DALELNAGAR     
BGH ,BAGHAULI       
MST ,MASIT          
KAR ,KARNA          
KUF ,KAURHA         
BEG ,BEHTAGOKUL     
TDP ,TODARPUR       
AIG ,ALGAWAN        
KH  ,KAHILIYA       
BTRA,BANTHRA        
MK  ,MIRANPUR KATRA 
BLPU,BILPUR         
TSA ,TISUA          
RYS ,RASURIYA       
GMS ,GARHMUKTESAR   
RMM ,RAMESWARAM     
RMD ,RAMANATHAPURAM 
PMK ,PARAMAKKUDI    
MNM ,MANAMADURAI JN 
SVGA,SIVAGANGA      
DKO ,DEVAKOTTAI ROAD
CUPJ,CUDDALORE PORT 
PLS ,PIPALSANA      
RHN ,ROSHANPUR      
ALJ ,ALIGANJ        
KPV ,KASHIPUR       
GWS ,GAUSHALA       
RMR ,RAMNAGAR       
GRX ,GAURA          
CIL ,CHILBILA JN    
MFL ,MISRAULI       
FTG ,FURSATGANJ     
HRW ,HARRAWALA      
SWE ,SIWAITH        
MEM ,MAU AIMMA      
BTJ ,BISHNATHGANJ   
VPO ,BHUPIA MAU     
JGJ ,JAGESHARGANJ   
TLKH,TALAKHAJURI    
BANI,BANI           
RUM ,RUPAMAU        
GANG,GANGAGANJ      
KVG ,KUNEANGANJ     
SAGR,SHRIRAJNAGAR   
KKAH,KANKAHA        
MLJ ,MOHANLALGANJ   
UTR ,UTRAHTIA       
PFR ,PACHOR ROAD    
KHRJ,KUMBHRAJ       
MKH ,MALAKHERA      
HDA ,HIRNODA        
GLTA,GAHLOTA        
TL  ,TILONIYA       
HVD ,HALVAD         
MALB,MALIYA MIYANA  
MPH ,MUNDHA PANDE   
DUB ,DABTARA        
BTO ,BHITAURA       
CSB ,SHIVAJI BRIDGE 
MINA,MIYANA         
MDNR,MODINAGAR      
MCQ ,MIRCHADHORI    
AGY ,AGORI KHAS     
SKGH,SAKTESGARH     
MQX ,MERALGRAM      
BCU ,BHUCHCHU       
HZR ,HAFIZPUR       
GLH ,GULAOTHI       
BHDR,BHADRI         
MOM ,MAMAN          
KAT ,KHATAULI       
KLNK,KALANAUR KALAN 
BWK ,BAWANI KHERA   
HNS ,HANSI          
STD ,SATROD         
ADR ,MANDI ADAMPUR  
BHT ,BHATTU         
DING,DING           
SSA ,SIRSA          
KNL ,KALANWALI      
RMN ,RAMAN          
FGSB,FATEHGARH SAHIB
BSPN,BASSI PATHANAM 
KRLI,KURALI         
GANL,GHANAULI       
NNGL,NAYA NANGAL    
MTPR,RAIMEHATPUR    
AADR,AMB  ANDAURA   
BTG ,BASHARATGANJ   
RBK ,REOTI B KHERA  
KEG ,KARENGI        
AFR ,ASAFPUR        
SMBL,SIMBHOOLI      
NSU ,NISUI          
BPZ ,BAZPUR         
RKSH,RISHIKESH      
VRH ,VIRBHADRA      
GHGL,GHAGWAL        
QSR ,KANSRAO        
PRI ,PATHRI         
IKK ,IKKAR          
MOTC,MOTICHUR       
GZN ,N GHAZIABAD    
MUD ,MURADNAGAR     
TRS ,TARSARAI       
KKHT,KAKARGHATTI    
SAA ,SATHIAON       
BANE,BASNI          
BLT ,BALOTRA JN     
BUT ,BAYTU          
UTL ,UTARLAI        
BME ,BARMER         
KIP ,KHALILPUR      
BWL ,BAWAL          
HSI ,HARSAULI       
BU  ,BASWA          
POK ,POKRAN         
SKF ,SAKHOTI TANDA  
RMB ,RAMPURA BERI   
TLC ,TALCHHAPAR     
SUJH,SUJANGARH      
LAU ,LADNUN         
DIA ,DIDWANA        
CTKT,CHOTI KHATU    
SOS ,SOMESAR        
KLL ,KALOL          
BJR ,BARRAJPUR      
BLU ,BILHAUR        
KLJ ,KAMALGANJ      
LHLL,LAHLI          
KHRK,KHARAK         
BMLL,BAMLA          
BNWC,BHIWANI CITY   
BRW ,BARIWALA       
MKS ,MUKTSAR        
LKW ,LAKHEWALI      
FKA ,FAZILKA        
SID ,SIDDHPUR       
STSN,SHAITANSINGHNGR
BTIC,BATHINDA CANTT.
SGF ,SANGAT         
MBY ,MANDI DABWALI  
DABN,DHABAN         
SGRA,SANGARIA       
MNSR,MANAKSAR       
HMH ,HANUMANGARH JN 
PGK ,PILI BANGAN    
MHJ ,MAHAJAN        
DHRR,DHIRERA        
MBF ,MUNABAO        
HDK ,HANDIA KHAS    
SANR,SARDARNAGAR    
KHM ,KUSMHI         
GKC ,GORAKHPUR CANT 
SRNT,SARNATH        
SDT ,SADAT          
KER ,KIRIHRAPUR     
JTB ,JAGATBELA      
MHH ,MAGHAR         
GTNR,GOMATI NAGAR   
LC  ,LUCKNOW CITY   
SIPR,SIHAPAR        
KTRR,KATHARA ROAD   
PTRE,PATARA         
GTM ,GHATAMPUR      
HAR ,HAMIRPUR ROAD  
BSZ ,BHARWA SUMERPUR
RGU ,RAGAUL         
ICL ,ICHAULI        
SWC ,SHIVRAMPUR     
MDB ,MANDOR         
AMS ,AMAUSI         
TIM ,TIMMANACHERLA  
SGBJ,SURGAON BANJARI
BRUD,BARUD          
KSX ,KOTSHILA       
BC  ,BAREILLY CITY  
IZN ,IZZATNAGAR     
BPR ,BHOJIPURA JN   
BHI ,BAHERI         
KHH ,KICHHA         
PBW ,PANTNAGAR      
PEP ,PHEPHNA JN     
PPC ,PIPRAICH       
KMJ ,KAIMGANJ       
CHR ,CHILKAHAR      
RTP ,RATANPURA      
DHE ,DOBHI          
MFJ ,MUFTIGANJ      
CBN ,CHIT BARAGAON  
KMDR,KARIMUDDIN PUR 
NDJ ,NANDGANJ       
CHD ,CHANDIA ROAD   
MND ,MUNDERWA       
KCT ,KIRAKAT        
MJL ,MAJHOWLIA      
BRU ,BHAIROGANJ     
KZA ,KHADA          
GH  ,GHUGHULI       
TSF ,TAHSIL FATEHPUR
MMB ,MAHMUDABAD AVDH
BVN ,BISWAN         
SPC ,SITAPUR CITY   
PBE ,PILIBHIT JN    
PP  ,PURANPUR       
MLN ,MAILANI        
GK  ,GOLA GOKARANATH
LMP ,LAKHIMPUR      
STP ,SITAPUR        
DAL ,DALIGANJ       
ASH ,AISHBAGH       
MJZ ,MAJHOLA PAKARYA
KHMA,KHATIMA        
CKK ,CHAKARPUR      
BNSA,BANBASA        
TPU ,TANAKPUR       
PDR ,PAYAGPUR       
BRK ,BAHRAICH       
RS  ,RISIA          
NNP ,NANPARA JN     
MIN ,MIHINPURWA     
BIC ,BICHIA         
TQN ,TIKUNIA        
BXM ,BELRAYAN       
PLK ,PALIA KALAN    
BIK ,BHIRA KHERI    
BRY ,BAREILLY       
PSR ,PASRAHA        
SKJ ,SAHIBPUR KML JN
NNGE,NARANGI        
BXP ,BARPATHAR      
KXL ,KAMARBANDHA ALI
NCH ,NAKACHARI      
LXA ,LAKSWA         
TSK ,TINSUKIA JN    
MJN ,MAKUM JN       
DBY ,DIGBOI         
MRG ,MARGHERITA     
LEDO,LEDO           
GLGT,GOLAGHAT       
NMGY,NUMALIGARH     
KUTI,KHUMTAI        
BLPR,BADULIPAR      
RNGG,RANGALITING    
BBGN,BARUA BAMUNGAON
BLMR,BHALUKMARA     
RWH ,ROWRIAH SDG    
CMA ,CINNAMARA      
SRTN,SIBSAGAR TOWN  
GVR ,GORESUAR       
TNL ,TANGLA         
ULG ,UDALGURI       
MJBT,MAJBAT         
NMM ,NEW MISAMARI   
RPAN,RANGAPARA NORTH
DKGN,DEKARGAON      
DKJR,DHEKIAJILI ROAD
VNE ,VISWANATH CHRLI
GPZ ,GOHPUR         
TBH ,TATIBAHAR      
HMY ,HARMUTI        
GMTO,GUMTO          
NHLN,NAHARLAGUN     
BDAG,BONIDANGA      
KAMG,KAMAKHYAGURI   
CLD ,CHALSA JN      
MVI ,MORBI          
KKA ,KANKI          
POT ,POTHIA         
TBR ,TAIABPUR       
TKG ,THAKURGANJ     
GAGA,GALGALIA       
ADQ ,ADHIKARI       
NAK ,NAKSALBARI     
BORA,BAGHDOGRA      
BZN ,BAGNAN         
BSI ,BASBARI        
TPK ,TIPKAI         
SPX ,SAPATGRAM      
JPZ ,JOGIGHOPA      
SCE ,SENCHOA JN     
NGAN,NAGAON         
AONI,AMONI          
JKB ,JAKHALABANDHA  
SHTT,SILGHAT TOWN   
KOK ,KORUKKUPET JN  
MKPR,MUKTAPUR       
KSP ,KISHANPUR      
TLWA,THALWARA       
DMGN,DHAMALGAON     
SQQ ,SALAGAON       
SBE ,SORBHOG JN     
PBL ,PATHSALA       
TIHU,TIHU           
AVN ,ANAVARDIKHANPET
BID ,BIDADI         
RMGM,RAMANAGARAM    
CPT ,CHANNAPATNA    
MAD ,MADDUR         
PANP,PANDAVAPURA    
RECH,RECHNI ROAD    
SRUR,SIRPUR TOWN    
CJL ,CHAJLI         
QRP ,KILA RAIPUR    
BZO ,BARSOLA        
EKM ,EKAMBARAKUPPAM 
CTND,CHETTINAD      
KAL ,KALLAL         
MMM ,MANDAPAM       
PBM ,PAMBAN JN      
PML ,PAPANASAM      
SDNR,SEYDUNGANALLUR 
SVV ,SRIVAIKUNTAM   
NZT ,NAZARETH       
KZB ,KURUMBUR       
ANY ,ARUMUGANERI    
KZY ,KAYALPATTINAM  
TCN ,TIRUCHENDUR    
TLM ,TIRUSULAM      
CBU ,C BABUSAMUDRAM 
VI  ,VILLIANUR      
PNDM,PENNADAM       
KON ,KUDALNAGAR     
NNN ,NANGUNERI      
AAY ,ARALVAYMOZHI   
VRLR,VIRANI ALUR    
ERL ,ERANIEL        
KZT ,KULITTHURAI    
NYY ,NEYYATTINKARA  
CRY ,CHIRAYINKIL    
KVU ,KADAKAVUR      
PVU ,PARAVUR        
PNQ ,PUNKUNNAM      
GUV ,GURUVAYUR      
PEM ,PERALAM JN     
KKPM,KALLAKKUDI PLGH
TPTN,TIRUCHRPALI TWN
NMJ ,NIDAMANGALAM   
MQ  ,MANNARGUDI     
PRT ,PANRUTI        
VDL ,VITHISVARANKOL 
KTM ,KUTRALAM       
ADT ,ADUTURAI       
VLNK,VELLANKANNI    
BAL ,BUDALUR        
TP  ,TIRCHRPALI FORT
KLT ,KULITALAI      
PGR ,PUGALUR        
KMD ,KODUMUDI       
UKL ,UTTUKULI       
IPL ,IDAPLLI        
NG  ,NAGARI         
MWM ,MALLESWARAM    
S   ,SHRIRANGAPATNA 
KMSI,KUMSI          
CTA ,CHITRADURG     
TRB ,TIRUVERUMBUR   
PLI ,PETTAIVAYATALAI
JPM ,JIYAPURAM      
TPE ,TIRUCHRPLI PLKI
KLPM,KAILASAPURAM   
TDN ,TIRUPARANKNDRM 
PCV ,PALAKKODU      
KGD ,KALLIGUDI      
DINR,DIVINE NAGAR   
PVRD,PIRAVAM ROAD   
ETM ,ETTUMANUR      
CYN ,CHERIYANAD     
MYY ,MAYYANAD       
MNTT,MULANTURUTTI   
STKT,SASTHANKOTTA   
PUK ,PUDUKAD        
TUA ,TIRUNNAVAYA    
VLI ,VALLIKUNNU     
PYOL,PAYYOLI        
PDD ,PADUBIDRI      
KPQ ,KANNAPURAM     
MQO ,MUNROTURUTTU   
PGTN,PALGHAT TOWN   
TKQ ,TRIKARPUR      
BFR ,BEKAL FORT     
KQK ,KOTIKULAM      
KMQ ,KUMBLA         
VPZ ,VAILAPUZHA     
CQA ,CHERUKARA      
AAM ,ANGADIPPURAM   
PKQ ,PATTIKKAD      
MLTR,MELATTUR       
TUV ,TUVVUR         
VNB ,VANIYAMBALAM   
NIL ,NILAMBUR ROAD  
RASP,RASIPURAM      
NMKL,NAMAKKAL       
PASA,PARASHSHALA    
SKLR,SAKLESHPUR     
SBHR,SUBRAHMANYA RD 
KBPR,KABAKAPUTTUR   
BNTL,BANTAWALA      
YDM ,YEDAMANGALA    
DAVM,DHANUVACHAPURAM
KZTW,KULITTURAI WEST
PYD ,PALLIYADI      
ZB  ,ZAHIRABAD      
SHV ,SHIVANI        
MYK ,MAYAKONDA      
PCH ,PACHHAPUR      
SVHE,SISVINHALLI    
KGX ,KANGINHAL      
BNP ,BHANAPUR       
MRB ,MUNIRABAD      
JOA ,JANWAL         
DRR ,DHARUR         
HLKT,HALAKATTA      
VAPM,VALAPATTANAM   
MQU ,MURUKKAMPUZHA  
ELM ,ELIMALA        
UAA ,UPPALA         
ULL ,ULLAL          
NPK ,N. PANAKUDI    
MPLM,MARTHIPALAYAM  
PLMD,PILAMEDU       
KN  ,KADALUNDI      
MMH ,MAHADANAPURAM  
APK ,ARUPPUKKOTTAI  
KBM ,KOTABOMMALI    
TIU ,TILARU         
PDU ,PONDURU        
AL  ,ATTILI         
MED ,MEDCHAL        
MXT ,MALAKPET       
FM  ,FALAKNUMA      
BDVL,BUDVEL         
TMX ,TIMMAPUR       
HBLN,HBL NAGAR      
SBBJ,SBB JOGULAMBA H
MUGR,MANUGURU       
BTPD,BETHAMPUDI     
TPY ,TADAKALPUDI    
CMW ,CHIMALPAHAD    
GHPU,GANDHIPURAM HAL
PCZ ,POCHARAM       
OEA ,ODELA          
RVKH,RAVINDRAKHANI  
AKE ,AKANAPET       
MZL ,MIRZAPALLI     
BMO ,BOLARUM        
PDKN,PEDAKAKANI HALT
NBR ,NAMBURU        
RYP ,RAYANAPADU     
KI  ,KONDAPALLI     
YP  ,ERRUPALEM      
BKL ,BONA KALU      
GLA ,GARLA          
KCC ,KRISHNA CANAL  
SRGT,SURENDRANAGAR G
BMH ,BETAMCHERLA    
NS  ,NARASAPUR      
PKO ,PALAKOLLU      
VVM ,VIRAVASARAM    
KCD ,KURICHEDU      
TLU ,TARLUPADU      
BEY ,B CEMENT NAGAR 
PDL ,PENDEKALLU     
MKR ,MADDIKERA      
RGP ,RAGHUNATHPALLI 
PQL ,PINDIAL        
HSP ,HASANPARTI RD  
OPL ,UPPAL          
BGSF,BISUGIRSHARIF  
PTKP,POTKAPALLI     
KOLR,KOLNUR         
KYOP,KOTTAPALLI     
RGPM,RAGHAVAPURAM   
PPZ ,PEDDAMPET      
MMZ ,MANDAMARI      
ASAF,ASIFABAD ROAD  
MKDI,MAKUDI         
WIRR,WIRUR          
VHGN,WIHIRGAON      
PRH ,POWERPET       
BMD ,BHIMADOLU      
VMD ,VADLAMANNADU   
KVM ,KAVUTARAM      
GVL ,GUDLAVALLERU   
NUJ ,NUJELLA        
BVRM,BHIMAVARAM JN  
MDVL,MANDAVALLI     
BYD ,BYADGI         
KJG ,KARAJGI        
YLG ,YALVIGI        
YPD ,YERPEDU        
VDD ,VENDODU        
TGU ,TARIGOPPULA    
TNR ,TANGUTURU      
ANB ,AMMANABROLU    
VTM ,VETAPALEM      
DIG ,DUGGIRALA      
PVD ,PEDDAVADLAPUDI 
PBP ,PEMBARTI       
RAG ,RAIGIR         
BHBK,BODHADI BUJRUG 
TSR ,TSUNDURU       
PMT ,PULLAMPET      
NKP ,NIRAKARPUR     
BSDP,BHUSANDPUR     
KUU ,KUHURI         
GNGD,GANGADHARPUR   
CLKA,CHILKA         
RBA ,RAMBHA         
GAM ,GANJAM         
MMS ,MANDASA ROAD   
PUN ,PUNDI          
DUSI,DUSI           
SGDM,SIGADAM        
GVI ,GARIVIDI       
NPD ,NAWAPARA ROAD  
BVL ,BIKKAVOLU      
MPU ,MEDAPADU       
GWV ,GOWDAVALLI     
WDR ,WADIARAM       
GPD ,GUMMIDIPUNDI   
ANK ,ANKAI          
TR  ,TARUR          
PSD ,PARSODA        
KAJG,KARANJGAON     
POZ ,POTUL          
DLB ,DAULATABAD     
MKDD,MUKUNDAWADI HA 
BDU ,BADNAPUR       
KEK ,KARKHELI       
DSPN,DESHAPRAN P.H. 
BZR ,BISRA          
PPO ,PANPOSH        
KLG ,KALUNGA        
KXN ,KANSHBAHAL     
TKRI,TIKIRI         
LKMR,LAXMIPUR ROAD  
DMNJ,DAMANJODI      
KRPU,KORAPUT        
JYP ,JEYPORE        
JDB ,JAGDALPUR      
PS  ,PARAS          
SKS ,SALEKASA       
BQR ,BHILAINAGAR    
BIA ,BHILAI         
DBEC,DEVBALODA CHRDA
DNN ,DINA NAGAR     
ORGA,ORGA           
PKF ,POKLA          
NKM ,NAMKON         
TIS ,TATISILWAI     
MOMU,MOLAKALMURU    
CHKE,CHALLAKERE     
BAW ,CHIK BANAVAR   
GTST,GAUTAMSTHAN    
MHT ,MANJHI         
ROI ,REOTI          
ANDN,ANAND NAGAR    
NTV ,NAUTANWA       
DRZ ,DALLI RAJHARA  
BXA ,BALOD          
GDZ ,GUNDARDEHI     
RSA ,RISAMA         
MXA ,MARAUDA        
BLAX,BARLAI         
UDM ,UNDASA MADHAWPU
KDHA,KARCHHA        
VRG ,VIKRAMNAGAR    
ADTL,ADHARTAL       
DDCE,DUNDI          
SNRR,SANSARPUR      
NWR ,NIWAR          
JLW ,JHALWARA       
RPD ,RUPAUND        
KKI ,KARKELI        
NRZB,NOWROZABAD     
CLF ,CHHULHA        
JTI ,JAITHARI       
NIQ ,NIGAURA        
VKR ,VENKATNAGRA    
HRB ,HARRI          
KOI ,KHODRI         
BHTK,BHANWAR TONK   
KGS ,KHONGSARA      
TGQ ,TENGANMADA     
SLKR,SALKAROAD      
KLTR,KALMITAR       
GTK ,GHUTKU         
SNGP,SINGHPUR       
LMNR,LAKSHMIBAI NGR 
DWG ,DEWANGANJ      
MZH ,MAUHARI        
DRSN,DHURWASIN      
HRV ,HARRAD         
BATL,BAIHATOLA      
BRND,BORIDAND       
MDGR,MANENDRAGARH   
PRDL,PARADOL        
BJQ ,BAGHORA        
CHRM,CHIRMIRI       
SMRR,SUMRERI        
ISH ,ISARWARA       
LDA ,LIDHORA KHURD  
GW  ,GIRWAR         
ANA ,ASLANA         
KYX ,KARHIYA BHADELI
GEA ,GHATERA        
SAO ,SAGONI         
BQQ ,BAKHLETA       
HDU ,HARDUA         
VYK ,VILAYATKALAN RD
LOA ,LORHA          
GGT ,GHUNGHUTI      
BDWA,BADHWA BARA    
SBRA,SARBAHARA      
HN  ,HATHBANDH      
BAO ,BANMOR         
JMV ,JAMBARA        
BCRD,BARCHI ROAD    
BXY ,BORDHAL        
HRG ,HIRDAGARH      
IKR ,IKLEHRA        
KUX ,KHIRSADOH JN   
GNW ,GANGIWARA      
DRLA,DAURALA        
GUH ,GULDHAR        
GAD ,GEVRA ROAD     
URGA,URGA           
SRBA,SARAGBUNDIA    
MWRN,MADWARANI      
KTHD,KOTHARI ROAD   
BPRH,BALPUR HALT    
KPNA,KAPAN          
KTSH,KOTMI SONAN HLT
JRMG,JAIRAMNAGAR    
GTW ,GATORA         
UKR ,UDALKACHAR     
NPRD,NAGPUR ROAD    
DTL ,DARRITOLA      
NGE ,NAGAR          
SPDR,SHEOPRASADNAGER
SJQ ,SURAJPUR ROAD  
KJZ ,KARONJI        
KLPG,KAMALPURGRAM   
LJR ,LANJIGARH ROAD 
BMCK,BISSAMCUTTACK  
JUJA,JUJUMURA       
BAMR,BAMUR          
JON ,JONHA          
KYF ,KAJRAT NAWADIH 
BSYA,BARKISALALYA   
KNPS,KENDPOSI       
DNT ,DANTAN         
ARD ,AMARDA ROAD    
KIS ,KAPILAS ROAD   
DJHR,DEOJHAR        
MMVR,MURGAMAHADEV RD
BSPX,BANSPANI       
JRLI,JAROLI         
NYG ,NAYAGARH       
PRNR,PORJANPUR      
GADH,GOALDIH        
KDJR,KENDUJHARGARH  
NANR,NARANPUR       
BSTP,BASANTAPUR     
STBJ,SITABINJ       
NKW ,NILAKANTHESWAR 
HCNR,HARICHANDANPUR 
CLDR,CHILIKIDARA    
SGDP,SAGADAPATA     
TGRL,TANGIRIAPAL    
TMKA,TOMKA          
BGPL,BAGHUAPAL      
SKND,SUKINDA ROAD   
JKPR,JAKHAPURA      
DJX ,DUNGRIPALI     
GRCP,G.RAMACHANDRAPU
DPUR,DEPUR PH       
BWIP,BHAWANIPATNA   
JNRD,JUNAGARH ROAD  
KTGA,KEUTGUDA       
SKPI,SIKARPAI       
BLMK,BHALUMASKA     
LLGM,LELIGUMA       
RUL ,RAULI          
SGRM,SINGARAM       
KKGM,KAKIRIGUMMA    
BGUA,BAIGUDA        
DMRT,DUMURIPUT      
KPRR,KOTAPAR ROAD   
BTSR,BHUTESHWAR     
MRBL,MURIBAHAL      
MNDH,MANDIR HASAUD  
TUL ,TIRALDIH       
SSIA,SUISA          
TRAN,TORANG         
DGHR,DEOGHAR        
BSKH,BASUKINATH     
JAMA,JAMA           
DUMK,DUMKA          
CUX ,CHAURA         
SNQ ,SANKARPUR      
NDW ,NADWAN         
JAN ,JARANGDIH      
NDU ,NADAUJ         
DMBR,DUMRI BIHAR    
THA ,TEHTA          
DNEA,DANEA          
SLF ,SILLI          
RJB ,RAJABERA       
BTV ,BAITARANI ROAD 
KRIH,KORAI HALT     
KNPR,KENDRAPARA ROAD
MRIJ,MURLIGANJ      
DMH ,DAURAM MADHPURA
DHT ,DHAMARA GHAT   
BHB ,BADLA GHAT     
DPL ,DANAULI PHLWRIA
GTT ,GOMTA          
BDDR,BADODAR        
CVR ,CHORVAD ROAD   
SAU ,SANAND         
LTR ,LAKHTAR        
PDH ,PADADHARI      
WTJ ,JAM WANTHALI   
ALB ,ALIA BADA      
KNLS,KANALAS JN     
BHTA,BHATIYA        
MTHP,MITHAPUR       
VVA ,VARVALA        
JALD,JALIYA DEVANI  
HM  ,HADMATIYA JN   
UBR ,UMBARGAM ROAD  
BLD ,BHILAD         
UVD ,UDVADA         
KIM ,KIM            
KSB ,KOSAMBA JN     
PLJ ,PALEJ          
MYG ,MIYAGAM KARJAN 
KBRV,KANJARI BORIYAV
BJD ,BAREJADI       
MOL ,MULI ROAD      
DL  ,DALADI         
SMLA,SAMLAYA JN     
CPN ,CHAMPANER RD JN
KRSA,KHARSALIYA     
SAT ,SANT ROAD      
PPD ,PIPLOD JN      
LMK ,LIMKHEDA       
MAM ,MANGAL MAHUDI  
BIO ,BORDI          
ANAS,ANAS           
PCN ,PANCH PIPILA   
AGR ,AMARGARH       
BOG ,BHAIRONGARH    
RTI ,RAOTI          
BILD,BILDI          
MRN ,MORWANI        
BOD ,BANGROD        
RNH ,RUNKHERA       
LNR ,LUNI RICHHA    
THUR,THURIA         
MKX ,MORAK          
DARA,DARA           
GQL ,GURLA          
KPTN,KESHORAI PATAN 
KPZ ,KAPREN         
MLZ ,MALARNA        
FSP ,FATEH SINGHPURA
VGN ,VANGAON        
SJN ,SANJAN         
PAD ,PARDI          
PAO ,PANOLI         
NIU ,NABIPUR        
KTKL,KOTLI KALAN    
ISM ,ISMAILA HARYANA
MGLP,MANGOLPURI     
HP  ,HARIPUR        
SEU ,SENDRA         
DGI ,DUNGRI         
SYN ,SAYAN          
VDA ,VASAD JN       
RBS ,RUPBAS         
FTS ,FATEHPUR SIKRI 
KLB ,KIRAOLI        
SNC ,SNARAYAN CHAPIA
POF ,PIPARSAND      
HRN ,HARAUNI        
JTU ,JAITIPUR       
AJ  ,AJGAIN         
SIC ,SONIK          
BDWL,BIRADHWAL      
VJP ,VIJAY PUR      
PIA ,PIPRAIGAON     
CNH ,CHAUNRAH       
SAH ,SAPHALE        
GVD ,GHOLVAD        
ITA ,ITOLA          
ABD ,AMBLI ROAD     
CE  ,CHHARODI       
JKA ,JAKHVADA       
GOP ,GOP JAM        
BNVD,BHANVAD        
SKR ,SAKHPUR        
RWO ,RANAVAV        
SQR ,SULTANPUR LODI 
KXH ,KAPURTHALA     
BHRL,BHAROLI        
BDHY,BUDHI          
VKA ,VERKA JN       
GER ,GERATPUR       
CNDB,CHANDUR BAZAR  
KHDB,KHODIYAR       
NBH ,NIMBAHERA      
JWO ,JAWAD ROAD     
MLG ,MALHARGARH     
PIP ,PIPLIA         
DLD ,DALAUDA        
DOD ,DHODHAR        
MRT ,MATHURA CANT   
SKA ,SIKANDRA RAO   
GWA ,GANJ DUNDWARA  
NJT ,NAGER COIL TOWN
CDA ,CHUDA          
LTD ,LATHIDAD       
KDMR,KODIYAR MANDIR 
CKD ,CHARKHI DADRI  
TWB ,TALWANDI       
NLI ,NAMLI          
SMP ,SHAMBHUPURA    
GGR ,GANGRAR        
HMG ,HAMIRGARH      
SSR ,SARERI         
SIM ,SHRI AMIRGADH  
SRPJ,SWARUPGANJ     
NANA,NANA           
MOI ,MORI BERA      
JAL ,JAWALI         
KTR ,KOTHAR         
MDJN,MADAR JN       
BDW ,BANDANWARA     
JHJ ,JHAJJAR        
KLE ,KAITHAL        
KRCD,KHARWA CHANDA  
ZW  ,ZAWAR          
JYM ,JAI SAMAND ROAD
DNRP,DUNGARPUR      
HMT ,HIMMATNAGAR    
SDGM,SARDARGRAM     
ASV ,ASARVA JN      
ADIJ,AHMEDABAD MG   
SAC ,SANICHARA      
MLAR,MALANPUR       
GOA ,GOHAD ROAD     
SONI,SONI           
BIX ,BHIND          
HGL ,HARANGUL       
BBTR,BARBATPUR      
KSWR,KALMESHWAR     
RCD ,RAJCHANDRAPUR  
ADL ,ANDUL          
HUK ,HOLAMBI KALAN  
KLYT,KOLAYAT        
KHTU,KHATU          
BDY ,BUDDIREDDIPPATI
MONR,MOHANUR        
API ,AKKARAIPPATTI  
ODC ,ODDANCHATRAM   
CHPT,CHATRAPPATTI   
PLNI,PALANI         
PRDP,PARADIP        
RHMA,RAHAMA         
RCTC,RAGHUNATHPUR   
RCG ,RACHAGUNNERI   
NASP,NARASINGAPALLI 
GUG ,GARH JAIPUR    
PIT ,PALITANA       
SDS ,SADULSHAHR     
SBM ,SONBARSA KCHERI
ANPR,ANPARA         
RMF ,RAMNA          
ARGD,ARIGADA        
TELO,TELO           
SMPA,SHYAMPURA      
DTVL,DATIVLI        
NIIJ,NILAJE         
TPND,TALOJA PANCHAND
NVRD,NAVADE ROAD    
KLMG,KALAMBOLI      
SMNE,SOMTANE        
RSYI,RASAYANI       
APTA,APTA           
JITE,JITE           
HMRR,HAMARAPUR      
PEN ,PEN            
KASU,KASU           
NGTN,NAGOTHANE      
KOL ,KOLAD          
INP ,INDAPUR        
GNO ,GOREGAON ROAD  
SAPE,SAPE WAMNE     
KFD ,KARANJADI      
VINH,VINHERE        
DWV ,DIWANKHAVATI   
ANO ,ANJANI         
KMAH,KAMATHE        
UKC ,UKSHI          
BOKE,BHOKE          
NIDI,NIDI           
NIV ,NIVASAR        
ZARP,ZARAP          
ULNR,ULHASNAGAR     
ABH ,AMBARNATH      
BUD ,BADLAPUR       
KMST,KAMSHET        
DAPD,DAPODI         
AKRD,AKURDI         
VDN ,VADGAON        
LHN ,LACHYAN        
MNL ,MINCHNAL       
SGND,SHRIGONDA ROAD 
VPR ,VISAPUR        
RRI ,RAHURI         
HDP ,HADAPSAR       
MJBK,MANJARI BUDRUK 
LONI,LONI           
YT  ,YEVAT          
KTT ,KHUTBAV        
KDTN,KADETHAN       
PAA ,PATAS          
KSTH,KASHTI         
BWD ,BELVANDI       
RNJD,RANJANGAON RD  
SRL ,SAROLA         
AKR ,AKOLNER        
VL  ,VILAD          
VBR ,VAMBORI        
TKMY,TAKLIMIYA      
PDGN,PADHEGAON      
NPW ,NIPANI VADGAON 
CIT ,CHITALI        
KNGN,KANHEGAON      
SNVR,SANVATSAR      
CTH ,CHIKALTHAN     
KMV ,KARMAD         
SVD ,SARWARI        
KODI,KODI           
RNE ,RANJANI        
PDG ,PARADGAON      
UPR ,USMANPUR       
SCO ,SATUNA         
DGPP,DHENGLI PP GOAN
DAV ,DEVALGAON AUCHR
PG  ,PERGAON        
PIZ ,PINGLI         
MQL ,MIRKHAL        
CRU ,CHUDAWA        
LBG ,LIMBGAON       
WNG ,WANEGAON       
PARD,PATHRAD        
MGC ,MUGAT          
SVN ,SIVUNGAON      
SLGH,SHELGAON       
BLSA,BOLSA          
SQE ,SAMARALA HALT  
FKB ,FAKHRABAD      
NVT ,NAVIPET        
JKM ,JANKAMPET JN   
SNGR,SANGANNAPUR    
PKNS,POKHARNI NRSNHA
DNDI,DHONDI         
WDN ,VADGAON NILA   
UKH ,UKHALI         
GTU ,GHAT NANDUR    
MRTY,MURTI          
KRPR,KAREPUR        
WDLN,WADWAL NAGNATH 
OSA ,AUSA ROAD      
MRX ,MURUD          
DKY ,DHOKI          
KMRD,KALAMB ROAD    
YSI ,YEDSHI         
PJR ,PANGRI         
SEI ,SHENDRI        
LAUL,LAUL           
BALE,BALE           
PK  ,PAKNI          
MVE ,MUNDHEWADI     
MKPT,MALIKPETH      
AAG ,ANGAR          
WKA ,VAKAV          
WDS ,WADSINGE       
DHS ,DHAVALAS       
BLNI,BHALWANI       
PPJ ,POPHLAJ        
WSB ,WASHIMBE       
PRWD,PAREWADI       
JNTR,JINTI ROAD     
MLM ,MALTHAN        
BRB ,BORIBIAL       
SSF ,SIRSUPHAL      
KFH ,KATPHAL        
BRMT,BARAMATI       
MDRR,MADAVNAGAR ROAD
PTWA,PATWARA        
PKRD,PAKARA ROAD    
BUU ,BHADANPUR      
LGCE,LAGARGAWAN     
KMA ,KAIMA          
HNM ,HINAUTARAMBAN  
BGHI,BAGAHAI ROAD   
TZR ,TURKI ROAD     
MRWS,MARWAR RANAWAS 
FLD ,PHULAD         
GGO ,GORAM GHAT     
KBK ,KHAMIL GHAT    
DOHM,DEVGARH MADRIYA
DJKR,DOLAJI KA KHERA
KUTL,KUWANTHAL      
CBG ,CHARBHUJA ROAD 
LSG ,LAWA SARDARGARH
KXA ,KUANRIYA       
KDL ,KANKROLI       
BJN ,BEJNAL         
TMGN,THAMLA MOGANA  
SML ,SIMLA          
DMP ,DHARMPUR HMCHL 
KMTI,KUMARHATTI     
BOF ,BAROG          
SOL ,SOLAN          
SLR ,SALOGRA        
KDZ ,KANDAGHAT      
SGS ,SHOGHI         
TVI ,TARADEVI       
JTO ,JUTOGH         
SHZ ,SUMMER HILL    
KEJ ,KATHLEEGHAT    
KANO,KANOH          
TSL ,TAKSAL         
GMM ,GUMMAN         
KOTI,KOTI           
JBL ,JABLI          
SWO ,SONWARA        
SBY ,SOLAN BREWERY  
DJ  ,DARJEELING     
GHUM,GHUM           
SAD ,SONADA         
TUNG,TUNG           
KGN ,KURSEONG       
DJRZ,TO DARJEELING  
SN  ,SUKNA          
RTG ,RANGTONG       
TDH ,TINDHARIA      
GBE ,GAYABARI       
SGUD,SILIGURI       
MHN ,MAHANADI       
KGND,TO KURSEONG    
LOD ,LEKODA         
FTD ,FATEHABAD CH.JN
AJN ,AJNOD          
PLA ,PALIA          
INDM,INDORE JN MG   
LKMN,LOKMANYA NAGAR 
RJQ ,RAJENDRANAGAR  
RAU ,RAU            
HKH ,HARANYA KHERI  
MHOW,MHOW           
PTP ,PATAL PANI     
KKD ,KALKUND        
CRL ,CHORAL         
MKT ,MUKHTIAR BALWAR
BWW ,BARWAHA        
OM  ,OMKARESHWAR RD 
SWD ,SANAWAD        
NKR ,NIMAR KHERI    
KTKH,KOTLAKHERI     
ATR ,ATTAR          
ANI ,AJANTI         
MRDD,MORDAR         
JRWN,JIRWAN         
GUX ,GURHI          
AMX ,AMLAKHURD      
RNU ,RATNAPUR       
TTZ ,TUKAITHAD      
DBKA,DABKA          
DGT ,DHULGHAT       
WND ,WAN ROAD       
HKR ,HIWARKHED      
ABZ ,ADGAON BUZURG  
AKOT,AKOT           
PTZ ,PATSUL         
UGWE,UGWE           
TAKL,TAKAL          
BSAE,BANSH BARIA    
TBAE,TRIBENI        
KJU ,KUNTIGHAT      
DMLE,DUMURDAHA      
KMAE,KHAMARGACHHI   
JIT ,JIRAT          
BGAE,BALAGARH       
SOAE,SOMRA BAZAR    
BHLA,BEHULA         
GPAE,GUPTIPARA      
BGRA,BAGHNAPARA     
DTAE,DHATRIGRAM     
SMAE,SAMUDRAGARH    
PSAE,PURBASTHALI    
LCAE,LALBAGH CRT RD 
ACLE,AZIMGANJ CITY  
MPLR,MAHIPAL ROAD   
MGLE,MANIGRAM       
GALE,GANKAR         
AHN ,AHIRAN         
SPLE,SUJNIPARA      
SXP ,SANKOPARA      
CMX ,CHAMAGRAM      
JMQ ,JAMIRGHATA     
GZM ,GOUR MALDA     
TIT ,TALIT          
JTL ,JHAPATER DHAL  
BPS ,BANPAS         
NRX ,NOADAR DHAL    
PCQ ,PICHKURIRDHAL  
KPLE,KOPAI          
BSLE,BATASPUR       
GHLE,GADADHARPUR    
MYM ,MEMARI         
ADST,ADI SAPTAGRAM  
MUG ,MAGRA          
TLO ,TALANDU        
KHN ,KHANYAN        
PDA ,PUNDOOAH       
BCQ ,BARACHAK       
SLS ,SALANPUR       
MNC ,MADANKATA      
JRW ,JORAMOW        
KBQ ,KUMRABAD ROHINI
LHB ,LAHABON        
DPX ,DADPUR         
BLY ,BALLY          
KRP ,KRISHNAPUR     
PRTL,PIRTALA        
SBNM,SUBARNAMRIGI   
SGV ,SARAGCHNI      
BFT ,BHABTA         
PCX ,PAGLA CHANDI   
SVH ,SONADANGA      
MGM ,MURAGACHA      
DHU ,DHUBULIA       
BDZ ,BADKULLA       
THP ,TAHERPUR       
BIJ ,BIRNAGAR       
PDX ,PAYRADANGA     
CDH ,CHAKDAHA       
SMX ,SIMURALI       
MPJ ,MADANPUR       
KYI ,KALYANI        
KPA ,KANCHRAPARA    
HLR ,HALISAHAR      
SEP ,SODPUR         
BLH ,BELGHARIA      
KLNP,KALINARYNPUR JN
BPD ,BAHADURPUR     
SRJN,SIRAJNAGAR  H  
NBPH,NEW BALARAMPUR 
MAHO,MAHOLI         
JBG ,JUNG BAHADURGNJ
UCH ,UNCHAULIA      
PKRA,PARSA KHERA    
DAN ,DHANETA        
DUN ,DUGANPUR       
DAM ,DHAMORA        
SAR ,SHAHZAD NAGAR  
DLP ,DALPATPUR      
KGF ,KATHGHAR       
GGB ,GARHMUKTESAR BR
DS  ,DASNA          
KFPR,KAFURPUR       
KIV ,KAIALSA        
HKP ,HAKIMPUR       
LDP ,LODIPUR BISHNPR
RGB ,RAMGANGA       
PRKE,PURUA KHERA    
SSKA,SISARKA        
GTF ,GUMTHAL        
JRJ ,JARGAON        
KD  ,KUNDARKHI      
MCV ,MACHARYA       
BBO ,BABUGARH       
KHE ,KANKATHER      
PYG ,PRAYAG GHAT    
DHRJ,DHIRGANJ       
DNX ,DHANSU         
BXC ,BARWALA        
UKN ,UKLANA         
JPS ,JMLPR SHAIKHAN 
GRN ,GURNAY         
BSS ,BAHADUR SINGH W
HMI ,HIMMATANA      
KUP ,KUP            
GILL,GILL           
LDW ,LADHOWAL       
CEU ,CHIHERU        
SRX ,SURA NUSSI     
HMR ,HAMIRA         
DIW ,DHILWAN        
BTR ,BUTARI         
TRA ,TANGRA         
MOW ,MANANWALA      
CRW ,CHARAUD        
BVZ ,NALOI BARWA    
SWNI,SIWANI         
JUP ,JHUNPA         
LSE ,LASERI         
NJM ,N J RAMANAL    
GSW ,GURSAR SHNEWALA
BWB ,BAGWALI        
PTRL,PATHRALA       
BMK ,BIRANG KHERA   
LGB ,LOHGARH ABUB   
NAWN,NAWAN          
DBI ,DABLI RATHAN   
AMPR,AMARPURA RATHAN
RMH ,RANGMAHAL      
RJS ,RAJIYASAR      
AS  ,ARJANSAR       
MLC ,MALKISAR       
NTZ ,NATHWANA       
DLC ,DALMERA        
BMNL,BAMANWALI      
JDL ,JAGDEVWALA     
JMS ,JAMSAR         
KNSR,KANASAR        
BWX ,BAHMAN DIWANA  
KRSH,KARAMGARH SDRGH
FSR ,FAQARSAR       
PKK ,PAKKI          
BFE ,BAHAWAL BASI   
UMS ,UDRAMSAR       
PAE ,PALANA         
SPO ,SURPURA        
CLO ,CHILO          
SBLJ,SHRI BALAJI    
ALAI,ALAI           
BWS ,BADWASI        
KJW ,KHAJWANA       
DSL ,DESWAL         
MCPE,MARWAR CHAPRI  
JOM ,JOGI MAGRA     
KXG ,KHARIA KHANGARH
UMED,UMED           
SWF ,SATHIN ROAD    
KSW ,KHERI SALWA    
AAS ,ASRANADA       
JWL ,JAJIWAL        
BNO ,BANAR          
SZ  ,SALAWAS        
HWT ,HANWANT        
RT  ,ROHAT          
PRDH,PIRDULESHA HALT
KAI ,KAIRLA         
BOM ,BOMADRA        
RKZ ,RAJKIAWAS      
SHRD,SAIJ SERTHA RD 
EN  ,ISAND          
PN  ,PANSAR         
JUL ,JHULASAN       
DNW ,DANGARWA       
UMN ,AMBLIYASAN     
JDN ,JAGUDAN        
BHU ,BHANDU MOTIDAU 
UAR ,UNAWA AITHOR   
KMLI,KAMLI          
DRW ,DHAREWADA      
UM  ,UMARDASHI      
KRJD,KARJODA        
CTT ,CHITRASANI     
JTY ,JETHI          
IQG ,IQBAL GADH     
SZA ,SAROTRA ROAD   
MAA ,MAVAL          
MXO ,MORTHALA       
KWI ,KIVARLI        
BMN ,BHIMANA        
BNS ,BANAS          
KVJ ,KESHAVGANJ     
BRLY,BIROLIYA       
KZQ ,KHIMEL         
BGPR,BHAGWANPURA    
BWA ,BHINWALIYA     
BGG ,BANTA RNATHGARH
AUWA,AUWA           
DRS ,DHARESHWAR     
BFY ,BHESANA        
BQN ,BAGRI NAGAR    
BGX ,BAGRI SAJJANPUR
CNL ,CHANDAWAL      
GRI ,GURIYA         
BAR ,BAR            
APA ,AMARPURA       
PPF ,PIPLAJ         
KRW ,KHARWA         
LNA ,LAMANA         
MLI ,MANGALIYAWAS   
MKRA,MAKRERA        
SDH ,SARADHNA       
DOZ ,DAURAI         
LR  ,LADPURA        
GEK ,GEGAL AKHRI    
SALI,SALI           
SK  ,SAKHUN         
DTRA,DANTRA         
DHND,DHINDA         
BOBS,BOBAS          
SHNX,SHEO SINGH PURA
DNK ,DHANAKYA       
KHD ,KHODIYAR       
SUW ,SUKHISEWANIYAN 
BVB ,BHADBHADAGHAT  
SUMR,SUMER          
PAI ,PABAI          
KIKA,KURWAI KETHORA 
MDVK,MAHADEOKHEDI   
SRKI,SEMARKHERI     
GVB ,GUNERU BAMORI  
ORR ,ORR            
SHDR,SHADHORAGAON   
PGA ,PAGARA         
MUGA,MAHUGARHA      
SYL ,SALPURA        
ATRU,ATRU           
POR ,PIPALDA ROAD   
CJW ,CHAJAWA        
BJK ,BIJORA         
BON ,BHOnra         
DXD ,DIGOD          
CDSL,CHANDRESAL     
AMLI,AMLI           
RWJ ,RAWANIA DUNGAR 
DPZ ,DEVPURA        
SURL,SURELI         
SRAS,SIRAS          
CHNN,CHANNANI       
CKS ,CHAKSU         
SAS ,SHDSPRA PADMPRA
SNGN,SANGANER       
BDYK,BINDAYAKA      
GA  ,GUDHA          
GVMR,GOVINDI MARWAR 
NYK ,NAYA KHARADIA  
THMR,THATHANA MITHRI
BOW ,BORAWAR        
BSRL,BESROLI        
JACN,JALSU NANAK    
JAC ,JALSU          
KQW ,KHEDULI        
KWP ,KHATIPURA      
KUT ,KANAUTA        
BAI ,BASSI          
JHIR,JHIR           
BSKO,BANSKHO        
JW  ,JATWARA        
BAK ,BHAN KARI      
KVGM,KOLVAGRAM      
ARNA,ARNIA          
GLNA,GOLANA HALT    
SRRG,SURER          
DGW ,DHIGAWARA      
MWW ,MAHWA          
PSL ,PARISAL        
AIA ,AJARAKA        
KGBS,KISHENGARH BLWS
JTS ,JATUSANA       
KSI ,KOSLI          
SDRA,SUDHRANA       
JRL ,JHARILI        
MHU ,MANHERU        
JKZ ,JITAKHERI      
BALR,BAITALPUR      
AHLR,AHALYAPUR      
NRA ,NUNKHAR        
TTI ,TURTIPAR       
PPH ,PIPRI DIH      
MHO ,MAHPUR         
RJI ,RAJAWARI       
KDQ ,KADIPUR        
PHV ,PIRTHIGANJ     
SWS ,SUWANSA        
NBP ,NIBHAPUR       
PHI ,PANIKHAITI     
TKC ,THAKURKUCHI    
PNB ,PANBARI        
TTLA,TETELIA        
KKET,KAMRUP KHETRI  
BRHU,BARAHU         
AJRE,AUJARI         
DML ,DHARAMTUL      
TGE ,THEKERAGURI    
LPN ,LAOPANI        
JGJN,JUGIJAN        
DHRY,DHALPUKHURI    
HWX ,HABAIPUR       
LKG ,LAMSAKHANG     
PKB ,PATHARKHOLA S  
HLG ,HILLIGROVE     
ONR ,COONOOR        
WEL ,WELLINGTON     
AVK ,ARAVANKADU     
KXT ,KETTI          
LOV ,LOVEDALE       
UAM ,UDAGAMANDALAM  
CMNR,CHAMARAJANAGAR 
NTW ,NANJANGUD TOWN 
KDO ,KADAKOLA       
AP  ,ASHOKAPURAM    
NHY ,NAGANAHALLI    
BDRL,BYADARAHALLI   
Y   ,YELIYUR        
HNK ,HANAKERE       
TCL ,TYAKAL         
KSM ,KAMASAMUDRAM   
BSM ,BISANATTAM     
GDP ,GUDUPULLI      
MAR ,MULANUR        
PU  ,PATCHUR        
SKPT,SOMANAYAKKANPTI
VLT ,VALATHOOR      
PTT ,PUTALAPATTU    
PAM ,PANAPAKAM      
KEN ,KOTALA         
CGI ,CHANDRAGIRI    
SET ,SETTIHALLY     
HJL ,HEJJALA        
NYH ,NAYANDAHALLI   
NLPD,NALLAPADU      
PRCA,PERECHERLA     
PPM ,PHIRANGIPURAM  
NDPU,NUDURUPADU     
STUR,SATULUR        
MUK ,MUNUMAKA       
SAB ,SANTAMAGULUR   
VLE ,VELLACHERUVU   
SYM ,SAVALYAPURAM   
CEM ,CHEKATE G PALEM
GKM ,GUNDLA KAMMA   
POO ,POTLAPADU      
GJJ ,GAJJELAKONDA   
JBK ,JGMBLA KSHNPRM 
SDV ,SOMIDEVIPALLE  
GMA ,GUDIMETTA      
KSTE,KISTAMSETIPALLI
DMT ,DIGUVAMETTA    
CMZ ,CHALAMA        
GZL ,GAZULAPALLI    
PNM ,PANYAM         
KEF ,KRISHNAMMAKONA 
RGM ,RANGAPURAM     
MLK ,MALKAPURAM     
MYL ,MALLIYALA      
LMD ,LINGANENIDODDI 
EDD ,EDDULADODDI    
TGL ,TUGGALI        
MLGT,MALLAPPA GATE H
BLL ,BANTANAHAL     
BNL ,BEVINAHALU     
VP  ,VIRAPUR        
HGI ,HAGARI         
HDD ,HADDINAGUNDU   
KDN ,KUDATINI       
DAJ ,DUROJI         
PKL ,PAPINAYAKNAHALI
KGW ,KARIGANURU     
GIN ,GINIGERA       
GNR ,GADIGANURU     
BYC ,BELLARY CANT   
CSDR,CHENNASANDRA   
ORH ,ODDARAHALLI    
MKL ,MAKLIDRUG      
TDV ,THONDEBHAVI    
SMWA,SOMESHWARA     
VWA ,VIDURASWATTHA  
DPE ,DEVARAPALLI    
MLU ,MALUGUR        
CPL ,CHAKARLAPALLI  
NRYP,NARAYANAPURAM  
KTCR,KOTHACHERUVU   
BSPL,BASAMPALLE     
CCA ,CHIGICHERLA    
PSPY,PRASANNAYANAPAL
TAC ,TATICHERLA     
GDE ,GARLADINNE     
PMD ,PAMIDI         
RRJ ,RAMARAJU PALLI 
TKPY,TURKAPALLI     
PLU ,PATAKOTTACHERU 
NKDO,NAKKANADODDI   
NAND,NANDIKOOR      
INJ ,INNANJE        
SEN ,SENAPURA       
SHMI,SHIROOR        
CTTP,CHITRAPUR (H)  
MANK,MANKI          
HAA ,HARWADA        
AT  ,ASNOTI         
LOL ,LOLIEM         
BLLI,BALLI          
VELI,VELI           
KXP ,KANIYAPURAM    
PGZ ,PERUNGUZHI     
AMY ,AKATHUMURI     
EVA ,EDAVAI         
KFI ,KAPPIL         
IRP ,IRAVIPURAM     
KLQ ,KILIKOLLUR     
CTPE,CHANDANATTOP   
KUV ,KUNDARA        
KFV ,KUNDARA EAST   
EKN ,EZHUKONE       
KKZ ,KOTTARAKARA    
KIF ,KURI           
AVS ,AUVANESWSAREM  
PUU ,PUNALUR        
BRAM,BALABNRAMAPURAM
NRK ,NARAIKKINAR    
TKWD,TIKEKARWADI    
MVD ,MULVAD         
MGL ,MANGELA        
LKY ,LAKHMAPUR      
LKT ,HULKOTI        
HBS ,HEBSUR         
KUG ,KUSUGALI       
UNK ,UNKAL          
AGL ,AMARGOL        
NVU ,NAVALUR        
AMC ,AMRITAPURA     
BAHI,BALLENAHALLI   
DBL ,DODBELE        
KIAT,KYATSANDRA     
THKU,THALLAK        
GBB ,GUBBI          
RDG ,RAYADRUG       
SLM ,SOMALAPURAM    
AJP ,AJJAMPUR       
RGI ,RAMGIRI        
HLK ,HOLALKERE      
KAG ,KODAGANUR      
CLI ,CHALGERI       
DAD ,DEVARGUDDA     
KVS ,KALSUR         
SVNR,SAVANUR        
GDI ,GUDGERI        
SNH ,SAUNSHI        
KNO ,KUNDGOL        
AYB ,ALIYABAD       
KTK ,KYATANEAKERI RD
CHRG,CHORGI         
PDNR,PADNUR         
SLGE,SULERJAVALGE   
AHD ,AHERWADI       
TLT ,TILATI         
NGS ,NAGANSUR       
BOT ,BOROTI         
KUI ,KULALI         
HHD ,HUNSIHADGIL    
SVG ,SAWALGI        
HQR ,HIRENANDURU    
MR  ,MARTUR         
MVH ,MANTATTI       
RMY ,RUKMAPUR       
MWY ,MAILARAM       
GDQ ,GODAMGURA      
CTF ,CHITGIDDA      
GGD ,GULLAGUDA      
RPK ,RAVALPALI KALAN
NPL ,NAGALAPALLE    
HFZ ,HAFIZPETA      
DYE ,DAYANAND NAGAR 
SFX ,SAFILGUDA      
RKO ,RMKRSHNAPRM GTE
AMQ ,AMMUGUDA       
CVB ,CAVALRY BARRCKS
ALW ,ALWAL          
BOZ ,BOLARUM BAZAR  
KQD ,KHAIRATABAD    
PCU ,PUTLACHERUVU   
UNDI,UNDI           
VND ,VENDRA         
KLDI,KALDHARI       
MIPM,MARRIPALEM PH  
OTR ,MOTURU         
YLK ,YELLAKARU      
NDZ ,NIDIGALLU      
KQA ,KONDAGUNTA     
MBL ,MANUBOLU       
VKT ,VENKATACHALAM  
NLS ,NELLORE SOUTH  
PGU ,PADUGUPADU     
KJJ ,KODAVALURU     
TMC ,TALAMANCHI     
AXR ,ALLURU ROAD    
SVPM,S VENKTESWRPALM
TTU ,TETTU          
UPD ,ULAVAPADU      
SDM ,SURAREDDIPALEM 
KRV ,KARAVADI       
RPRL,RAPARLA HALT   
UGD ,UPPUGUNDURU    
KVDU,KADAVAKUDURU   
KPLL,KOTTA PNDLPALLI
JAQ ,JANDRAPETA     
IPPM,IPURUPALEM     
SPF ,STUARTPURAM    
APL ,APPIKATLA      
MCVM,MACHAVARAM     
MDKU,MODUKURU       
KLX ,KOLAKALUR      
CLVR,CHILUVUR       
MBD ,MUSTABADA      
GWM ,GANNAVARAM     
PAVP,P AVATAPALLE   
TOU ,TELAPROLU      
VRVL,VIRAVALLI      
VAT ,VATLUR         
DEL ,DENDULURU      
STPT,SITAMPET       
PUA ,PULLA          
KKRM,KAIKORAM       
CEL ,CHEBROL        
VGT ,UNGUTURU       
BPY ,BADAMPUDI      
NBM ,NAVABPALEM     
MRPL,MARAMPALLI     
BMGM,BRAHMANAGUDEM  
CU  ,CHAGALLU       
PSDA,PASIVEDALA     
KSVM,KESAVARAM      
BBPM,BALABHADRAPURAM
PBD ,P BRAHMADEVAM H
GDPT,GUDAPARTI      
KAQ ,KOLANUKONDA    
LKDU,LANKALAKODERU  
SGKM,SRUNGAVRUKSHAM 
PAGM,PENNADA AGRHRM 
DGDG,DURGADA GATE   
RVD ,RAVIKAMPADU    
HVM ,HAMSAVARAM     
GLU ,GULLIPADU      
REG ,REGUPALEM      
BVM ,BAYYAVARAM     
KSK ,KASIMKOTA      
THY ,THADI          
PDT ,PENDURTI       
KPL ,KANTAKAPALLE   
ALM ,ALAMANDA       
KUK ,KORUKONDA      
GRBL,GARUDUBILLI    
GPI ,GAJAPATINAGARAM
KMX ,KOMATIPALLI    
DNV ,DONKINAVALASA  
SNM ,SITANAGARAM    
NSX ,NARSIPURAM HALT
GMDA,GUMADA         
KNRT,KUNERU         
JMPT,JIMIDIPETA     
TKBN,TSAKIBANDA     
JKO ,JAKKALACHERUVU 
VML ,VEMULAPADU     
JUR ,JUTURU         
KMQA,KOMALI         
CLPE,CHALLAVARIPALLE
VRN ,VANGANUR       
RLL ,REGADIPALLI    
MUM ,MANGAPATNAM    
KMH ,KALAMALLA      
YGD ,YERRAGUDIPAD   
GPY ,GANGAYAPALLE   
KPU ,KRISHNAPURAM   
KNLP,KANAMALO PALLE 
BKPT,BHAKARAPET     
VNM ,ONTIMITTA      
MMPL,MANTAPAMPALLE  
HAQ ,HASTAVARAMU    
RPL ,REDDIPALLE     
ANE ,ANANTARAJUPET  
SF  ,SETTIGUNTA     
BLPE,BALAPALLE      
MRM ,MAMANDURU      
DQR ,DABIRPURA      
YKA ,YAKUTPURA KCG  
HPG ,HUPPUGUDA      
NSVP,NPA SHVRAMPALLI
KOTT,KOTTUR HALT    
BRGL,BURGULA HALT   
BABR,BALANAGAR      
RRGA,RANGAREDDY GUDA
RJAP,RAJAPUR        
GLY ,GOLLAPALLY     
DTP ,DIVITI PALLI   
YNG ,YENUGONDA      
MHBT,MAHABUBNAGAR TO
MQN ,MANYAMKONDA    
KTKA,KOTAKADRA      
DKC ,DEVARKADRE     
KQQ ,KAUKUNTLA      
KXI ,KURUMURTHI     
KONN,KONNUR         
AJK ,AJAKOLLU       
ARPL,AREPALLI HALT  
PDO ,POODOOR        
PDNA,PEDDADINNE     
IKI ,ITIKYALA       
MOA ,MANOPAD        
ALPR,ALAMPUR ROAD   
VDI ,VELDURTI       
DCU ,DAMALCHERUVU   
PCL ,PULICHERLA     
VLD ,VAYALPAD       
KBA ,KURABALAKOTA   
TAT ,TUMMANAMGUTTA  
TKU ,TANAKALLU      
NCU ,NALLACHERUVU   
KCM ,KALASAMUDRAM   
MGB ,MUDIGUBBA      
CCI ,CHINNEKUNTAPALI
KDT ,KHADARPET      
VPL ,VENKATAMPALLE  
GPU ,GULAPALYAMU    
SSPD,SADASHIVAPET RD
MRF ,MARPALLI       
KOHR,KOHIR DECCAN   
KCP ,KALGUPUR       
KTKR,KUMTHA KHURD   
HER ,HER            
AMBR,AMBIKA ROHINA  
NGHW,NAGESHWADI HALT
CKX ,CHAKUR         
GDPL,G POCHAMPALLI  
DBV ,DABILPUR       
MOB ,MANOHARABAD    
BMPL,BRAHMANPALLI   
ME  ,MASAIPET       
SHAN,SRINIVASA NAGAR
RAL ,REPALLE        
POA ,PALLIKONA      
BQU ,BHATTIPROLU    
PUMU,PENUMARRU      
VMU ,VEMURU         
ZPI ,ZAMPANI HALT   
CIV ,CHINNARAVURU   
VJA ,VEJANDLA       
SRPM,SIRIPURAM      
PKPU,PEDDAKURAPADU  
BMKD,BELLAMKONDA    
GT  ,GHATKESAR      
WP  ,WANGAPALLI     
CLE ,CHINTALPALLI   
YGL ,YELGUR         
INK ,INTEKANNE      
TAA ,TADLA PUSAPALLI
GUU ,GUNDRATIMADUGU 
GLE ,GAJULAGUDEM    
PGP ,PANDURANGAPURAM
AWM ,ASWAPURAM      
MMPR,MAMDAPUR HALT  
VLG ,VALIGONDA      
SRMR,SRIRAMPURAM    
TPPI,THIPPARTHI     
PDGL,PONDUGULA      
TMLU,TUMMALACHERUVU 
REM ,REDDIGUDEM     
GPDE,GUDIPUDI       
LIN ,LINGAMGUNTLA   
MDPD,MANDAPADU      
BDPL,BANDARUPALLE   
SJL ,SGM JAGARLAMUDI
AKU ,ANGALAKUDURU   
BVA ,BAURIA JN      
FLR ,PHULESWAR      
BCK ,BALICHAK       
PBA ,PIARDOBA       
RSG ,RAMSAGAR       
SRJM,SIRJAM         
IBL ,INDRABIL       
MYX ,METYAL SOHAR   
GRB ,GARH DHRUBESWAR
BGA ,BAGALIA        
KSU ,KUSHTAUR       
CHRA,CHHARRA        
TAO ,TAMNA          
KTD ,KANTADIH       
URMA,URMA           
BRMD,BIRAMDIH       
NIM ,NIMDIH         
MIK ,MANIKUL        
KZU ,KUNKI          
MMV ,MAHALI MARUP   
BRM ,BARABAMBO      
SNKR,SANKA          
RUI ,RUKNI          
SBW ,SBEWBABUDIH    
TLE ,TALGARIA       
JNN ,JANUNIATNA     
TKB ,TUPKADIH       
BRBS,BIRBANS        
LPH ,LOTAPAHAR      
TUX ,TUNIA          
DRWN,DEROWAN P. H.  
PST ,POSOTIA        
BUL ,BHALULATA      
SXN ,SONAKHAN       
SOGR,SOGRA          
TGM ,TANGARMUNDA    
DIH ,DHARUADIHI     
PNPL,PANPALI        
DTV ,DHUTRA         
IB  ,IB             
HGR ,HEMAGIRI       
DAO ,DAGHORA        
JMG ,JAMGA          
KRL ,KOTARLIA       
KDTR,KIRODIMALNAGAR 
BEF ,BHUPDEOPUR     
ROB ,ROBERTSON      
JDI ,JHARRADIH      
CHBT,CHAKARBHATHA   
NPI ,NIPANIA        
BKTH,BAIKUNTH       
MDH ,MANDHAR        
WRC ,W R S COLONY PH
KMI ,KUMHARI        
MUA ,MUSRA          
JTR ,JATKANHAR      
PJB ,PANIAJOB       
BTL ,BORTALAO       
DKS ,DAREKASA       
GDM ,GUDMA          
GJ  ,GANGAJHARI     
KWN ,KACHEWANI      
MNU ,MUNDIKOTA      
KHAT,KHAT           
RRL ,REWRAL         
TAR ,THARSA         
CHCR,CHACHER        
KNHN,KANTHAN JN     
KAV ,KALAMNA        
SAL ,SALWA          
MUP ,MURHIPAR       
SRWN,SARASWATINAGAR 
URK ,URKURA         
DGS ,DAGORI         
DPH ,DADHAPARA      
SGRD,SULGARE        
SGRD,SARAGAON RD HLT
MVW ,MALLIVIDU      
LVK ,LAKKAVARAPUKOTA
SUP ,SHRUNGAVARPUKTA
BDVR,BODDAVARA      
SLPM,SHIVALINGAPURAM
TXD ,TYADA          
CMDP,CHIMIDIPALLI   
BGHU,BORRAGUHALLU   
KVLS,KARAKAVALASA   
SMLG,SHIMILIAGUDA   
ARK ,ARAKKU         
GPJ ,GORAPUR        
DPC ,DARLIPUT       
PFU ,PADUA          
BHJA,BHEJA          
MKRD,MACHHAKUNDA    
PBV ,PALIBA         
SUKU,SUKU           
MVF ,MANABAR        
JRT ,JARTI          
MVG ,MALIGURA       
CTS ,CHATTRIPUT     
DIR ,DHANAPUR ORISSA
KDPA,KHADAPA        
CJS ,CHARAMULA KUSUM
AGB ,AMBAGAON       
AGZ ,AMAGURA        
NKX ,NAKTISEMRA     
KMEZ,KUMHAR MARENGA 
TPQ ,TOPOKAL        
BDXX,BADE ARAPUR    
DMK ,DILMILI        
SZY ,SILAK JHORI    
KMSD,KUMAR SADRA    
KKLU,KAKLUR         
KWGN,KAWARGAON      
DBF ,DABPAL         
GIZ ,GIDAM          
DWZ ,DANTEWARA      
KMLR,KAMALUR        
BHNS,BHANSI         
BCHL,BACHELI        
KRDL,KIRANDUL       
SZB ,SARONA         
LAE ,LAKHOLI        
ANMD,ARANG MAHANADI 
BLSN,BELSONDA       
ARN ,ARAND          
BMKJ,BHIMKHOJ       
KMK ,KOMAKHAN       
LKNA,LAKHNA         
TRKR,TUREKALA ROAD  
RNBT,RAHENBATA      
KDLR,KANDEL ROAD    
DKLU,DOIKALLU       
LDX ,LADDA          
GTLM,GOTLAM         
LIG ,LINGA          
ULA ,UMRA NALA      
KFP ,KUKRA KHAPA    
MPML,MOHAPANI MAL   
BMC ,BHIMALGONDI    
GELA,GHADELA        
DVH ,DEVI HALT      
RMO ,RAMAKONA       
SASR,SAUSAR         
BDHT,BARDI HALT     
LDE ,LOKDHIKHERA    
PSK ,PARADSINGA HALT
SZH ,SAONGA HALT    
KLOD,KELOD          
SONR,SAONER JN      
PSX ,PTNSNGI TWN HLT
KPKD,KHAPRI KHEDA   
KRDH,KORADIH        
PQA ,PIPLA HALT     
PTS ,PATANSAONGI    
TKLB,TAKLI BHANSALI 
MGVK,MALEGAON VYENKU
BRKH,BISAPURKALAN   
UIH ,UMARIA ISPA HLT
JLY ,JHILMILI       
MQQ ,MARKAHANDI U HT
KRBO,KARABOH        
KPDH,KAPURDHA HALT  
SMSR,SAMASWARA      
PED ,PIPARDAHI      
SEY ,SEONI          
BHV ,BHOMA          
KWB ,KANIWARA       
PUE ,PALARI         
KLZ ,KEOLARI        
TPNI,TUIYA PANI     
VNK ,BINAIKI        
DRPH,DEVRI P.H      
KDHI,KALADEHI       
SOY ,SUKRIMANGELA   
CRE ,CHORGHATPIPARIA
JPV ,JMTRA PARASWARA
GRG ,GUWARIGHAT     
DPW ,DHAPEWARA      
TTW ,TITWA          
CGLA,CHANGOTOLA     
GDU ,GUDRU HALT     
PNJ ,PADRIGANJ      
JONR,JEONARA PH     
NDNI,NIDHANI        
CHM ,CHALTHAN       
USD ,UKAI SONGADH   
CPD ,CHINCHPADA     
KBH ,KHANDBAARA     
TISI,TISI           
RNL ,RANALA         
VKH ,VIKHRAN ROAD   
VRD ,VIRDEL ROAD    
SNSL,SONSHELU       
HOL ,HOL            
NDN ,NARDANA        
BEW ,BETAVAD        
PDP ,PADSE          
BRTK,BHORTEX        
TKHE,TAKARKHEDE     
BHNE,BHONE          
CHLK,CHAVALKHEDE    
PLD ,PALDHI         
BDI ,BHADLI         
NOL ,NIYOL          
BGMR,BAGUMRA        
GGAR,GANGADHARA     
TBV ,TIMBARVA       
MGRL,MANGROLLA      
KRAI,KAHET          
LTV ,LOTARVA        
KKRD,KIKAKUI ROAD   
DSD ,DOSVADA        
LKKD,LAKKADKOT      
BBAI,BHADBHUNJA     
KFF ,KOLDA          
KHTG,KHATGAON       
DWD ,DHEKVAD        
CUE ,CHOUPALE       
BHET,BHESTAN        
VDH ,VEDCHHA        
ACL ,ANCHELI        
KEB ,KARAMBELI      
KLV ,KELVA ROAD     
BJUD,BAJUD          
KDI ,KUNDLI         
DXR ,DIGSAR         
RA  ,RAMPARDA       
VD  ,VAGDIYA        
AXA ,AMARSAR        
SDD ,SINDHAWADAR    
KNKT,KANAKOT        
KHC ,KHORANA        
KHDI,KHANDERI       
CX  ,CHANOL         
LKBL,LAKHABAWAL     
PPLI,PIPLI          
MDPR,MODPUR         
SYQ ,SINHAN         
VQD ,VIRAMDAD       
BHTL,BHATEL         
MGTD,MEGHPURTITODI  
BPKA,BHOPALKA       
KRGA,KURANGA        
OKD ,OKHA MADHI     
GRJA,GORINJA        
BRDA,BARADIYA       
BMRN,BHIMRANA       
WKRC,WANKANER CITY  
MD  ,MADAR          
BQE ,BAKANIAN BHAUNR
PUD ,PHANDA         
PNWN,PACHWAN        
BKTL,BAKTAL         
JBX ,JABRI          
CKOD,CHAKROD        
MQE ,MOHAMMADKHERA  
BLX ,BOLAI          
KONY,KISONI         
PUO ,PIR UMROD      
SVT ,SHIVPURA       
TJP ,TAJPUR         
PLW ,PINGLESHWAR    
NKI ,NAIKHERI       
ASL ,ASLAODA        
PSO ,PALSORA MAKRAWA
PPG ,PIPLODA BAGLA  
BTSD,BHATISUDA(HALT)
BRNA,BERAWANYA      
RCJ ,RANYAL JASMIYA 
MSO ,MISROD         
BKA ,BARKHERA       
PRKD,POWERKHEDA     
KRTH,KIRATGARH      
TAKU,TAKU           
SAHL,SAHELI         
KQE ,KALA AKHAR     
DOH ,DHODRA MOHAR   
MJY ,MARAMJHIRI     
MALK,MALKAPUR ROAD  
BYS ,BARSALI        
LLD ,LALAWADI       
BQM ,BARELIPUR      
MKDN,MORKADHANA     
PCLI,PALACHAURI     
BRDH,BARDHANA HALT  
BJG ,BAJRANGARH     
VTN ,VAITARNA       
BAGD,BAGWADA (HALT) 
ATUL,ATUL           
JRS ,JORAVASAN      
URN ,UTRAN          
KSE ,KOSAD          
GTX ,GOTHANGAM      
KDSD,KUDSAD         
HAT ,HATHURAN       
VRE ,VAREDIYA       
BJW ,BAJVA          
RNO ,RANOLI         
NDR ,NANDESARI      
ADD ,ADAS ROAD      
VXD ,VADOD          
UTD ,UTARSANDA      
GTE ,GOTHAJ         
NEP ,NENPUR         
KANJ,KANIL          
VTA ,VATVA          
BYR ,BHAYANDAR      
SNJL,SANJALI        
CVJ ,CHAVAJ         
LKD ,LAKODARA       
KSPR,KASHIPURA SARAR
VRM ,VARNAMA        
MPR ,MAKARPURA      
GNST,GANDHISMRITI   
GGM ,GORA GHUMA     
WSE ,VASAN IYAWA    
VCN ,VIROCHANNAGAR  
VNRD,VANI ROAD      
KHRS,KHARESHWAR ROAD
SR  ,SABLI ROAD     
LPR ,LILAPUR ROAD   
BLRD,BALA ROAD      
CJR ,CHAMARAJ       
LMC ,LAKHAMANCHI    
LXR ,LUNSERIYA      
BLWR,BILESHWAR      
DDV ,DADHDEVI       
ALNI,ALNIYA         
RDT ,RAVTHA ROAD    
KIW ,KANWALPURA     
DKRA,DHUANKHERI     
KRLS,KURLAS         
BRLA,BRAYLA CHAURASI
MDLM,MUNDALARAM     
KCNR,KACHNARA ROAD  
SDPN,SINDPAN        
HKL ,HARKIA KHAL    
JMKL,JAMUNIA KALAN  
BIWK,BISALWAS KALAN 
GRF ,GAMBHIRI ROAD  
PSLI,PARSOLI        
URML,UPARMAL        
JNRI,JALINDRI       
SNAR,SRINAGAR       
ARE ,ARNETHA        
GKB ,GHATAKA VARANA 
LBN ,LABAN          
KTA ,KUSHTALA       
RNT ,RANTHAMBHORE   
MXL ,MOKHOLI        
NMD ,NOMODA         
LRU ,LALPUR UMRI    
COO ,CHHOTI ODAI    
PDZ ,PILIODA        
KNDP,KHANDIP        
DY  ,DUMARIYA       
BAMA,BIRAMBAD       
BR  ,BANDH BARETA   
NGLT,NAGLATULA      
BIQ ,BANSI PAHARPUR 
DXK ,DHANA KHERLI   
AED ,AULENDA        
SNPR,SINGARPUR      
MIQ ,MIRHAKUR       
PTLI,PATHAULI       
BLO ,BHULON         
DHR ,DHARNAODA      
IDGH,INDARGARH      
BLNR,BIRLANAGAR     
BBY ,BHADROLI       
RAKL,RETHORAKALAN   
NNE ,NONERA         
SCN ,SONDHA ROAD    
AXK ,ASOKHAR        
CRKR,CHAURAKHERI    
BAHL,BANIHAL        
SDUA,SADURA         
ANT ,ANANTNAG       
PJGM,PANJGAM        
ATPA,AWANTIPURA     
KAPE,KAKAPORA       
PMPE,PAMPORE        
SINA,SRINAGAR       
